Districtcode,Districtname_eng,Constituencynum,Constituencyname,Chure Bhawar Rastriya Ekata Party Nepal,Communist Party of Nepal  (UML),Communist Party of Nepal (M.L.),Communist Party of Nepal (Maoists),Communist Party of Nepal (Marxist),Communist Party of Nepal (Unified),Communist Party of Nepal (United Marxist),Communist Party of Nepal (United),Dalit Janajati Party,Federal Democratic National Forum,Hindu Democratic Party,Janamorcha Nepal,"Janamukti Party, Nepal",League Nepal Shanti Ekata Party,Lok Kalyankari Janata Party Nepal,"Madhesi People's Rights Forum, Nepal",Mongol National Organization,Muskan Sena Nepal Party,Nav Janawadi Morcha,Nawanepal Prajatantrik Dal,Nepa: Rastriya Party,Nepal Dalit Shramik Morcha,Nepal Janata Party,Nepal Janavawana Party,Nepal Lokatantrik Samajbadi Dal,Nepal Pariwar Dal,Nepal Rastriya Bikas Party,Nepal Rastriya Lokatantrik Dal,Nepal Sadhvawana Party (Anandidevi),Nepal Samata Party,Nepal Samyawadi Dal,Nepal Shanti Kshetra Parishad,Nepal Sukumbasi Party (Loktantrik),Nepal Workers and Peasants Party,Nepali Congress,Nepali Congress (Nationalist),Nepali Janata Dal,Rastrawadi Ekata Party,Rastrawadi Yuwa Morcha,Rastriya Bikas Party,Rastriya Janamorcha,Rastriya Janamukti Party,Rastriya Janata Dal,Rastriya Janata Dal Nepal,Rastriya Janshakti Party,Rastriya Prajatantra Party,Rastriya Prajatantra Party Nepal,Sadhvawana Party,"Samajwadi Prajatantrik. Janata Party, Nepal",Sa-Shakti Nepal,Shanti Party Nepal,Socialist Party of Nepal,Tamsaling Nepal Rastriya Dal,Tarai Madhes Loktantrik Party
68,Achham,1,Achham 1,0.05,38.86,0.61,29.04,0.09,0.08,0.03,0.34,0.02,0.04,0.03,1.10,0.01,0.01,0.03,0.06,0.01,0.01,0.01,0.02,0.04,0.06,0.04,0.03,0.03,0.02,0.02,0.01,0.05,0.01,0.03,0.02,0.04,0.10,25.98,0.03,0.59,0.03,0.03,0.02,0.33,0.02,0.09,0.01,0.43,0.93,0.03,0.00,0.26,0.03,0.02,0.06,0.11,0.03
68,Achham,2,Achham 2,0.08,27.04,7.53,32.35,0.19,0.31,0.09,1.23,0.02,0.05,0.04,1.39,0.02,0.02,0.08,0.72,0.02,0.02,0.02,0.02,0.05,0.09,0.08,0.05,0.02,0.04,0.06,0.02,0.07,0.02,0.05,0.04,0.05,0.77,21.00,0.07,0.83,0.03,0.06,0.09,0.27,0.05,0.19,0.02,0.90,2.32,0.62,0.02,0.38,0.03,0.11,0.11,0.16,0.10
44,Arghakhanchi,1,Arghakhanchi 1,0.07,19.85,1.74,35.54,0.08,1.18,0.12,1.30,0.03,0.05,0.02,0.63,0.01,0.01,0.04,0.03,0.01,0.04,0.01,0.03,0.03,0.05,0.06,0.04,0.04,0.02,0.01,0.02,0.05,0.01,0.04,0.00,0.27,0.08,21.64,0.02,0.33,0.02,0.04,0.03,14.98,0.05,0.05,0.01,0.25,0.52,0.05,0.01,0.27,0.02,0.02,0.05,0.07,0.03
44,Arghakhanchi,2,Arghakhanchi 2,0.05,29.48,1.91,25.44,0.08,0.27,0.03,1.19,0.02,0.05,0.04,0.65,0.01,0.01,0.44,0.02,0.00,0.03,0.00,0.02,0.02,0.03,0.02,0.03,0.02,0.10,0.03,0.01,0.03,0.01,0.02,0.01,0.08,0.14,33.72,0.02,0.30,0.01,0.02,0.02,4.12,0.10,0.06,0.01,0.31,0.46,0.10,0.02,0.19,0.02,0.03,0.04,0.17,0.04
50,Baglung,1,Baglung 1,0.05,27.92,2.29,30.47,0.05,3.04,0.02,0.88,0.00,0.03,0.02,0.60,0.00,0.01,0.02,0.02,0.01,0.04,0.00,0.01,0.07,0.02,0.01,0.05,0.03,0.05,0.06,0.02,0.01,0.03,0.01,0.00,0.12,0.04,24.72,0.03,0.23,0.01,0.02,0.01,6.19,0.95,0.06,0.00,0.28,0.52,0.62,0.01,0.17,0.01,0.03,0.03,0.05,0.04
50,Baglung,2,Baglung 2,0.30,8.56,1.59,19.98,0.05,10.27,0.03,0.81,0.02,0.07,0.01,0.63,0.01,0.01,0.04,0.03,0.02,0.02,0.01,0.03,0.03,0.02,0.04,0.08,0.04,0.03,0.03,0.04,0.02,0.04,0.02,0.00,0.26,0.06,27.38,0.02,0.15,0.02,0.03,0.02,27.59,0.15,0.08,0.01,0.21,0.49,0.14,0.01,0.23,0.02,0.04,0.05,0.15,0.03
50,Baglung,3,Baglung 3,0.12,15.15,2.13,18.79,0.18,3.26,0.07,2.11,0.03,0.10,0.02,1.10,0.03,0.03,0.09,0.06,0.03,0.02,0.01,0.09,0.04,0.07,0.09,0.12,0.08,0.10,0.06,0.04,0.08,0.02,0.03,0.04,0.85,0.20,29.04,0.05,0.43,0.03,0.09,0.05,22.86,0.17,0.08,0.03,0.38,0.43,0.32,0.03,0.32,0.06,0.11,0.11,0.11,0.07
73,Baitadi,1,Baitadi 1,0.09,15.13,1.54,55.36,0.47,0.30,0.08,2.10,0.03,0.06,0.03,1.09,0.03,0.02,0.10,0.06,0.02,0.03,0.02,0.02,0.05,0.06,0.09,0.10,0.05,0.03,0.05,0.06,0.11,0.05,0.03,0.03,0.05,0.13,13.66,0.06,0.94,0.07,0.11,0.15,0.52,0.07,0.18,0.04,0.43,5.40,0.09,0.04,0.36,0.06,0.09,0.11,0.10,0.04
73,Baitadi,2,Baitadi 2,0.14,14.03,1.89,44.86,0.49,0.27,0.12,1.90,0.21,0.08,0.07,1.20,0.07,0.02,0.13,0.11,0.04,0.08,0.06,0.07,0.10,0.16,0.13,0.16,0.11,0.05,0.14,0.07,0.19,0.05,0.48,0.04,0.34,0.23,19.89,0.07,0.48,0.15,0.20,0.12,0.97,0.18,0.34,0.04,0.76,7.30,0.27,0.04,0.47,0.12,0.11,0.12,0.23,0.08
69,Bajhang,1,Bajhang 1,0.07,33.48,1.08,31.34,0.13,0.26,0.09,0.83,0.05,0.05,0.01,0.86,0.01,0.03,0.06,0.04,0.01,0.02,0.01,0.01,0.04,0.04,0.08,0.05,0.02,0.01,0.04,0.02,0.07,0.01,0.02,0.02,0.04,0.07,26.21,0.03,0.74,0.05,0.07,0.04,0.46,0.06,0.17,0.03,1.19,1.42,0.08,0.01,0.24,0.02,0.03,0.05,0.10,0.07
69,Bajhang,2,Bajhang 2,0.09,25.72,1.87,38.08,0.34,0.47,0.11,1.54,0.03,0.08,0.04,1.74,0.04,0.03,0.20,0.08,0.05,0.05,0.04,0.06,0.06,0.12,0.11,0.16,0.07,0.06,0.07,0.06,0.19,0.03,0.05,0.04,0.07,0.19,21.25,0.10,1.43,0.08,0.11,0.14,0.68,0.14,0.26,0.06,0.51,2.18,0.19,0.01,0.44,0.06,0.08,0.14,0.17,0.07
67,Bajura,1,Bajura 1,0.04,33.42,0.91,22.97,0.20,0.26,0.06,0.62,0.02,0.04,0.02,1.05,0.02,0.01,0.06,0.05,0.01,0.02,0.02,0.02,0.03,0.04,0.05,0.06,0.03,0.02,0.02,0.02,0.05,0.01,0.02,0.03,0.04,0.35,35.43,0.05,0.87,0.03,0.07,0.05,0.16,0.05,0.11,0.01,0.36,1.60,0.05,0.01,0.30,0.02,0.03,0.08,0.10,0.05
65,Banke,1,Banke 1,0.22,20.30,3.00,35.20,0.76,0.19,0.17,1.53,0.04,0.26,0.04,0.49,0.03,0.03,0.07,7.98,0.11,0.05,0.02,0.03,0.38,0.11,0.10,0.14,0.04,0.19,0.03,0.01,0.24,0.04,0.03,0.08,0.08,0.26,18.65,0.06,0.25,0.02,0.05,0.05,0.42,0.15,0.12,0.08,1.48,5.42,0.25,0.11,0.30,0.05,0.10,0.06,0.08,0.06
65,Banke,2,Banke 2,0.66,11.45,1.29,9.90,0.72,0.48,0.25,0.81,0.12,0.10,0.12,0.69,0.04,0.12,0.14,41.49,0.20,0.06,0.16,0.10,0.81,0.11,1.00,0.76,0.17,0.12,0.05,0.06,1.21,0.18,0.09,0.36,0.14,0.35,10.61,0.14,0.52,0.07,0.11,0.11,0.52,0.13,0.16,0.35,1.11,7.38,1.26,1.94,0.41,0.08,0.17,0.08,0.14,0.39
65,Banke,3,Banke 3,0.40,10.33,1.62,16.45,0.63,0.44,0.13,0.76,0.06,0.08,0.10,0.56,0.02,0.05,0.16,31.39,0.14,0.04,0.10,0.06,0.38,0.05,0.68,0.86,0.09,0.12,0.03,0.02,1.68,0.14,0.04,0.35,0.06,0.21,17.22,0.13,0.34,0.04,0.02,0.08,0.24,0.20,0.07,0.32,0.28,8.19,1.53,0.55,0.29,0.04,0.08,0.04,0.13,1.93
65,Banke,4,Banke 4,0.11,25.63,1.94,30.63,0.52,0.20,0.19,0.90,0.03,0.12,0.02,0.57,0.02,0.01,0.39,3.73,0.04,0.03,0.02,0.04,0.27,0.06,0.04,0.13,0.28,0.32,0.03,0.01,0.21,0.03,0.04,0.06,0.08,0.45,17.44,0.05,0.46,0.00,0.02,0.02,0.55,0.26,0.06,0.06,3.79,1.55,0.23,7.29,0.41,0.01,0.20,0.06,0.15,0.26
33,Bara,1,Bara 1,0.06,13.03,2.35,15.34,0.25,0.14,0.38,1.28,0.08,0.03,0.09,0.55,0.03,0.08,0.47,21.19,0.07,0.02,0.25,0.02,0.17,0.03,0.10,0.16,0.23,0.08,0.04,0.03,2.50,0.07,0.06,0.39,0.05,0.07,13.43,0.05,0.73,0.03,0.05,0.08,0.55,0.06,0.45,0.06,0.11,1.64,2.10,14.43,0.23,0.02,0.09,0.23,0.05,5.91
33,Bara,2,Bara 2,0.08,7.30,1.09,14.31,0.21,0.14,0.09,1.12,0.11,0.04,0.05,2.23,0.04,0.14,0.04,35.25,0.07,0.02,0.15,0.03,0.16,0.03,0.13,0.31,0.10,0.06,0.04,0.03,1.15,0.08,0.02,0.23,0.03,0.10,15.45,0.06,0.35,0.03,0.66,0.18,0.14,0.07,0.46,0.10,0.16,1.07,1.28,1.06,0.17,0.02,0.07,0.25,0.05,13.36
33,Bara,3,Bara 3,0.07,13.12,1.18,7.07,0.24,0.10,0.23,0.66,0.19,0.03,0.10,0.32,0.04,0.13,0.24,35.60,0.09,0.03,0.10,0.03,0.12,0.01,0.26,0.47,0.09,0.11,0.04,0.03,1.69,0.09,0.02,0.33,0.02,0.80,12.09,0.06,0.92,0.05,0.06,0.12,1.62,0.08,2.92,0.09,1.34,2.29,1.43,3.74,0.12,0.03,0.07,1.81,0.05,7.48
33,Bara,4,Bara 4,0.06,18.89,0.98,12.77,0.12,0.33,0.10,0.94,0.18,0.04,0.04,0.43,0.02,0.09,0.13,8.28,0.07,0.01,0.03,0.02,0.16,0.03,0.33,0.15,0.07,0.10,0.07,0.03,1.60,0.02,0.02,0.31,0.04,0.72,17.62,0.03,1.07,0.03,0.04,0.19,0.97,0.40,6.61,0.09,0.60,0.81,1.57,2.26,0.14,0.02,0.10,0.15,0.08,20.06
33,Bara,5,Bara 5,0.21,31.69,1.06,15.66,0.13,0.11,0.08,0.88,0.04,0.09,0.02,0.52,0.02,0.03,0.10,9.67,0.04,0.02,0.04,0.04,0.33,0.07,0.06,0.06,0.19,0.04,0.06,0.03,0.71,0.02,0.05,0.16,0.05,0.16,27.38,0.03,0.76,0.02,0.02,0.04,0.13,1.21,0.82,0.03,0.26,1.17,0.81,2.21,0.20,0.02,0.10,0.27,0.28,1.78
33,Bara,6,Bara 6,0.37,29.48,2.76,32.93,0.16,0.21,0.04,1.27,0.05,0.05,0.05,0.55,0.03,0.08,0.07,5.29,0.04,0.11,0.03,0.05,0.04,0.21,0.32,0.04,0.02,0.07,0.10,0.04,0.29,0.05,0.03,0.06,0.03,0.30,12.13,0.02,0.60,0.01,0.03,0.06,0.89,0.28,0.58,0.02,0.43,1.57,1.45,0.22,0.23,0.01,0.05,0.09,2.81,3.31
66,Bardiya,1,Bardiya 1,0.05,28.65,2.54,40.00,0.16,0.15,0.10,1.30,0.03,0.05,0.03,0.86,0.01,0.02,0.08,2.53,0.03,0.01,0.02,0.03,0.08,0.05,0.04,0.05,0.05,0.42,0.03,0.03,0.07,0.02,0.02,0.03,0.02,0.21,15.74,0.03,0.28,0.01,0.03,0.03,0.31,0.15,0.09,0.04,0.45,3.71,0.11,0.21,0.68,0.03,0.07,0.04,0.09,0.18
66,Bardiya,2,Bardiya 2,0.08,11.97,3.09,39.34,0.38,0.13,0.42,1.67,0.02,0.05,0.08,0.53,0.02,0.03,0.66,3.10,0.03,0.03,0.03,0.03,0.12,0.04,0.08,0.08,0.30,0.22,0.03,0.03,0.71,0.04,0.06,0.08,0.07,0.22,15.39,0.03,0.22,0.03,0.03,0.05,0.32,0.08,0.13,0.03,0.75,3.10,1.05,12.44,0.39,0.03,0.13,0.05,0.13,1.86
66,Bardiya,3,Bardiya 3,0.04,16.84,2.43,53.00,0.27,0.06,0.05,1.14,0.01,0.07,0.02,0.48,0.02,0.02,0.07,0.06,0.01,0.02,0.01,0.02,0.04,0.07,0.02,0.04,0.02,0.13,0.04,0.01,0.12,0.01,0.03,0.02,0.17,0.07,18.62,0.05,0.21,0.01,0.04,0.01,0.26,0.14,0.11,0.01,0.30,3.40,0.42,0.11,0.45,0.00,0.23,0.04,0.09,0.09
66,Bardiya,4,Bardiya 4,0.06,10.64,3.31,55.97,0.23,0.36,0.05,1.90,0.06,0.08,0.03,0.89,0.01,0.02,0.12,0.81,0.02,0.04,0.01,0.04,0.05,0.07,0.05,0.05,0.03,0.21,0.05,0.01,0.08,0.02,0.10,0.01,0.04,0.13,17.28,0.04,0.16,0.01,0.04,0.04,0.51,0.05,0.21,0.02,0.31,4.54,0.06,0.06,0.82,0.02,0.07,0.05,0.09,0.09
27,Bhaktapur,1,Bhaktapur 1,0.02,13.27,1.55,22.54,0.11,0.13,0.05,0.82,0.04,0.07,0.01,0.78,0.01,0.02,0.05,0.03,0.01,0.02,0.01,0.02,0.74,0.06,0.03,0.01,0.03,0.52,0.31,0.02,0.03,0.02,0.02,0.01,0.05,34.23,14.94,0.02,0.12,0.02,0.03,0.02,0.17,0.17,0.09,0.01,0.27,4.77,3.26,0.01,0.16,0.08,0.06,0.02,0.07,0.11
27,Bhaktapur,2,Bhaktapur 2,0.04,17.61,1.43,19.32,0.05,0.18,0.06,0.77,0.03,0.08,0.02,1.71,0.00,0.02,0.03,0.05,0.01,0.02,0.01,0.01,1.01,0.10,0.03,0.01,0.02,0.17,0.17,0.01,0.03,0.01,0.01,0.00,0.03,26.51,21.42,0.01,0.12,0.02,0.01,0.02,0.21,0.06,0.09,0.01,0.33,5.06,2.44,0.02,0.16,0.12,0.10,0.03,0.08,0.10
7,Bhojpur,1,Bhojpur 1,0.09,18.90,3.70,35.46,0.14,0.59,0.06,2.91,0.02,0.07,0.05,2.50,0.03,0.01,0.07,0.15,0.12,0.08,0.02,0.03,0.12,0.11,0.08,0.06,0.08,0.11,0.03,0.03,0.09,0.03,0.03,0.02,0.03,0.05,30.02,0.05,0.47,0.05,0.04,0.06,0.19,0.47,0.20,0.03,0.54,0.88,0.26,0.03,0.43,0.04,0.08,0.09,0.14,0.05
7,Bhojpur,2,Bhojpur 2,0.06,25.50,3.40,38.39,0.17,0.72,0.08,3.73,0.03,0.08,0.03,1.64,0.04,0.03,0.10,0.20,0.02,0.10,0.02,0.02,0.04,0.21,0.09,0.08,0.07,0.09,0.04,0.05,0.10,0.03,0.04,0.04,0.07,0.12,19.94,0.07,0.56,0.06,0.05,0.05,0.25,0.25,0.18,0.02,1.14,0.91,0.19,0.02,0.47,0.04,0.11,0.09,0.15,0.04
35,Chitwan,1,Chitwan 1,0.07,32.68,3.20,32.18,0.09,0.51,0.08,1.34,0.01,0.29,0.02,1.86,0.01,0.01,0.05,0.10,0.02,0.42,0.01,0.00,0.03,0.08,0.03,0.01,0.01,0.79,0.05,0.01,0.04,0.01,0.02,0.01,0.09,0.08,19.55,0.03,0.42,0.01,0.03,0.02,0.17,0.26,0.07,0.01,0.43,3.73,0.09,0.17,0.36,0.02,0.09,0.05,0.27,0.02
35,Chitwan,2,Chitwan 2,0.03,20.57,2.96,43.99,0.07,0.30,0.04,1.41,0.02,0.06,0.02,2.07,0.01,0.01,0.07,0.03,0.01,0.05,0.01,0.01,0.05,0.09,0.02,0.02,0.02,0.37,0.07,0.03,0.03,0.00,0.02,0.01,0.07,0.08,23.82,0.01,0.27,0.01,0.01,0.03,0.42,0.04,0.07,0.00,0.21,1.38,0.19,0.01,0.19,0.02,0.17,0.03,0.49,0.02
35,Chitwan,3,Chitwan 3,0.05,19.87,3.35,41.22,0.07,0.28,0.04,1.56,0.03,0.08,0.03,1.49,0.01,0.01,0.05,0.12,0.02,0.05,0.00,0.02,0.13,0.08,0.06,0.03,0.01,0.43,0.03,0.03,0.06,0.00,0.03,0.01,0.11,0.11,26.38,0.01,0.17,0.03,0.01,0.03,0.26,0.78,0.06,0.01,0.32,1.17,0.45,0.01,0.41,0.03,0.12,0.03,0.20,0.05
35,Chitwan,4,Chitwan 4,0.04,12.39,3.25,42.96,0.04,0.21,0.05,1.16,0.03,0.06,0.04,2.21,0.01,0.00,0.05,0.03,0.00,0.04,0.01,0.01,0.04,0.13,0.06,0.01,0.01,0.35,0.01,0.03,0.03,0.01,0.02,0.00,0.02,0.05,31.69,0.01,0.17,0.01,0.00,0.01,0.31,0.61,0.05,0.01,0.29,1.62,0.24,0.01,0.28,0.01,0.17,0.02,1.10,0.02
35,Chitwan,5,Chitwan 5,0.01,19.54,2.94,32.65,0.07,0.42,0.02,1.06,0.00,0.13,0.01,14.46,0.00,0.00,0.03,0.01,0.00,0.00,0.00,0.01,0.02,0.11,0.02,0.01,0.03,0.52,0.02,0.01,0.01,0.00,0.01,0.01,0.03,0.05,17.26,0.01,0.26,0.01,0.01,0.01,0.18,0.18,0.07,0.01,0.20,8.65,0.03,0.01,0.31,0.01,0.42,0.02,0.12,0.01
74,Dadeldhura,1,Dadeldhura 1,0.05,17.94,1.19,25.19,0.13,0.20,0.05,1.12,0.04,0.03,0.02,9.98,0.01,0.01,0.04,0.05,0.02,0.03,0.02,0.04,0.05,0.07,0.08,0.04,0.03,0.07,0.04,0.02,0.08,0.02,0.02,0.02,0.06,0.18,37.55,0.03,0.43,0.04,0.05,0.05,0.85,0.05,0.20,0.03,0.44,1.73,0.17,0.02,1.01,0.03,0.10,0.10,0.08,0.08
63,Dailekh,1,Dailekh 1,0.02,28.41,1.21,25.36,0.12,0.11,0.03,0.92,0.01,0.03,0.01,0.57,0.02,0.01,0.02,0.02,0.01,0.03,0.00,0.02,0.03,0.02,0.02,0.02,0.02,0.16,0.05,0.01,0.03,0.01,0.01,0.01,0.08,3.49,32.05,0.02,0.25,0.01,0.04,0.02,1.62,0.11,0.09,0.01,0.43,1.26,2.27,0.01,0.59,0.02,0.03,0.04,0.11,0.13
63,Dailekh,2,Dailekh 2,0.03,30.24,0.58,21.29,0.10,0.15,0.05,0.68,0.02,0.04,0.02,0.92,0.02,0.01,0.03,0.02,0.02,0.02,0.01,0.01,0.02,0.03,0.03,0.02,0.03,0.06,0.09,0.03,0.04,0.01,0.04,0.01,0.07,13.34,26.57,0.02,0.47,0.02,0.04,0.04,1.83,0.03,0.15,0.03,0.40,1.12,0.30,0.01,0.65,0.01,0.03,0.05,0.12,0.05
56,Dang,1,Dang 1,0.08,11.55,4.50,41.26,0.27,0.15,0.05,2.58,0.03,6.21,0.03,0.39,0.03,0.02,0.09,2.31,0.03,0.02,0.02,0.03,0.09,0.09,0.05,0.09,0.09,0.31,0.04,0.02,0.12,0.03,0.03,0.04,0.11,0.09,22.69,0.06,0.27,0.02,0.05,0.04,3.21,0.52,0.10,0.04,0.28,1.29,0.07,0.03,0.23,0.02,0.04,0.06,0.08,0.04
56,Dang,2,Dang 2,0.04,12.91,4.41,51.32,0.22,0.25,0.05,2.45,0.03,2.00,0.04,0.46,0.02,0.02,0.07,0.15,0.03,0.03,0.01,0.03,0.08,0.12,0.03,0.02,0.06,0.11,0.05,0.02,0.04,0.05,0.05,0.02,0.09,0.10,17.83,0.03,0.34,0.04,0.06,0.04,3.58,0.13,0.16,0.02,0.38,1.51,0.05,0.02,0.22,0.02,0.05,0.03,0.07,0.04
56,Dang,3,Dang 3,0.05,12.76,4.48,46.55,0.22,0.23,0.04,2.03,0.02,0.03,0.04,0.46,0.01,0.01,0.07,0.14,0.02,0.03,0.01,0.03,0.05,0.04,0.05,0.03,0.03,0.24,0.03,0.02,0.10,0.02,0.03,0.02,0.06,0.08,25.77,0.04,0.19,0.03,0.05,0.03,1.15,0.54,0.06,0.01,0.81,2.32,0.50,0.01,0.21,0.02,0.06,0.04,0.08,0.07
56,Dang,4,Dang 4,0.05,14.14,3.66,41.59,0.29,0.18,0.02,1.89,0.02,0.04,0.02,0.83,0.01,0.01,0.04,0.05,0.01,0.04,0.01,0.02,0.09,0.05,0.02,0.02,0.02,0.06,0.03,0.02,0.25,0.02,0.02,0.03,0.08,0.11,29.03,0.03,0.15,0.01,0.03,0.03,2.57,0.60,0.11,0.00,0.87,1.88,0.53,0.01,0.18,0.02,0.04,0.05,0.06,0.02
56,Dang,5,Dang 5,0.07,12.82,2.92,39.97,0.22,0.08,0.05,1.71,0.01,0.11,0.03,1.11,0.01,0.01,0.05,0.03,0.02,0.03,0.02,0.03,0.05,0.04,0.05,0.04,0.01,0.11,0.02,0.03,0.12,0.02,0.04,0.03,0.06,0.19,36.17,0.04,0.19,0.03,0.05,0.02,0.43,0.09,0.10,0.01,1.34,0.87,0.19,0.01,0.18,0.01,0.04,0.03,0.07,0.01
72,Darchula,1,Darchula 1,0.06,21.99,1.39,42.31,0.25,0.20,0.05,2.62,0.02,0.04,0.05,0.84,0.02,0.01,0.07,0.04,0.01,0.04,0.02,0.01,0.04,0.06,0.06,0.06,0.02,0.03,0.02,0.03,0.07,0.01,0.02,0.03,0.05,0.07,22.54,0.03,0.61,0.04,0.09,0.07,0.39,0.06,0.15,0.01,1.92,2.51,0.18,0.01,0.43,0.06,0.06,0.10,0.08,0.05
24,Dhading,1,Dhading 1,0.03,13.62,1.97,52.42,0.09,0.17,0.04,1.27,0.02,0.03,0.02,0.52,0.02,0.01,0.03,0.03,0.01,0.02,0.01,0.01,0.02,0.08,0.04,0.05,0.03,0.39,0.05,0.03,0.06,0.03,0.02,0.01,0.02,0.14,15.55,0.03,0.41,0.04,0.08,0.07,0.15,0.05,0.14,0.01,10.77,0.53,0.05,0.03,0.32,0.04,0.05,0.09,0.23,0.03
24,Dhading,2,Dhading 2,0.03,30.65,2.63,31.45,0.05,0.36,0.03,1.56,0.01,0.02,0.04,0.58,0.01,0.01,0.02,0.04,0.05,0.03,0.00,0.02,0.04,0.03,0.04,0.02,0.01,0.04,0.11,0.01,0.03,0.02,0.02,0.00,0.03,0.17,28.32,0.01,0.31,0.01,0.02,0.02,0.13,0.05,0.12,0.01,1.02,0.92,0.10,0.01,0.32,0.01,0.04,0.05,0.34,0.03
24,Dhading,3,Dhading 3,0.03,26.58,3.89,40.88,0.10,0.23,0.07,2.37,0.02,0.04,0.02,0.67,0.01,0.01,0.04,0.05,0.02,0.02,0.01,0.02,0.04,0.04,0.04,0.03,0.02,0.15,0.06,0.03,0.07,0.03,0.03,0.01,0.02,0.14,15.65,0.02,0.51,0.03,0.04,0.05,0.17,0.09,0.22,0.01,2.28,3.48,0.27,0.01,0.50,0.01,0.07,0.07,0.71,0.05
8,Dhankuta,1,Dhankuta 1,0.07,30.80,3.17,39.76,0.10,0.42,0.06,2.41,0.05,0.97,0.03,0.51,0.03,0.01,0.06,0.09,0.03,0.06,0.03,0.05,0.11,0.05,0.02,0.03,0.03,0.29,0.04,0.02,0.07,0.03,0.03,0.02,0.07,0.12,15.71,0.04,0.24,0.03,0.04,0.03,0.50,0.22,0.15,0.01,1.74,0.93,0.18,0.01,0.21,0.03,0.05,0.02,0.20,0.03
8,Dhankuta,2,Dhankuta 2,0.05,31.57,3.78,35.26,0.14,0.27,0.08,2.35,0.03,0.06,0.03,0.59,0.04,0.01,0.08,0.08,0.03,0.05,0.01,0.01,0.03,0.05,0.05,0.05,0.03,0.06,0.03,0.04,0.08,0.02,0.03,0.01,0.03,0.07,9.15,0.04,0.28,0.02,0.02,0.05,0.08,0.14,0.08,0.02,13.22,1.18,0.04,0.01,0.31,0.03,0.04,0.03,0.12,0.03
20,Dhanusha,1,Dhanusha 1,0.18,27.15,1.91,16.19,0.25,0.77,0.17,1.19,1.94,0.05,0.08,2.11,0.04,0.08,0.17,20.93,0.09,0.10,0.12,0.05,0.15,0.06,0.10,0.22,0.10,0.05,0.07,0.12,0.42,0.09,0.13,0.19,0.06,0.22,16.44,0.07,0.67,0.04,0.06,0.54,0.20,0.11,0.14,0.08,0.27,1.17,0.96,1.11,0.31,0.02,0.14,0.08,0.18,1.87
20,Dhanusha,2,Dhanusha 2,0.10,17.41,1.65,17.46,0.45,0.19,0.11,1.48,1.23,0.04,0.05,0.53,0.01,0.13,0.16,15.06,0.07,0.05,0.11,0.03,0.09,0.07,0.17,0.14,0.06,0.07,0.06,0.03,0.69,0.05,0.11,0.14,0.05,0.11,20.61,0.10,0.44,0.04,0.06,0.23,0.25,0.07,0.14,0.06,0.36,1.50,2.22,0.88,0.28,0.02,0.07,0.03,0.13,14.33
20,Dhanusha,3,Dhanusha 3,0.07,23.19,0.76,4.10,0.21,0.15,0.03,0.70,1.13,0.03,0.14,1.25,0.02,0.10,0.14,3.40,0.06,0.92,0.07,0.06,0.05,0.05,0.17,0.05,0.06,0.07,0.07,0.10,0.97,0.05,0.07,0.20,0.12,0.10,36.60,0.04,0.49,0.04,0.04,0.54,0.10,0.05,0.10,0.03,0.43,0.87,1.91,0.36,0.32,0.03,0.05,0.07,0.30,18.98
20,Dhanusha,4,Dhanusha 4,0.37,18.21,0.59,6.20,0.22,0.19,0.17,0.71,1.27,0.07,0.06,0.50,0.02,0.06,0.44,33.08,0.07,0.04,0.17,0.05,0.13,0.03,0.24,0.12,0.09,0.04,0.06,0.03,0.71,0.07,0.07,0.17,0.05,0.07,11.99,0.04,0.77,0.04,0.04,0.68,0.10,0.04,0.14,0.08,0.40,1.70,1.41,3.91,0.19,0.02,0.14,0.01,0.08,13.83
20,Dhanusha,5,Dhanusha 5,0.06,14.80,1.31,12.49,0.26,0.19,0.18,1.42,1.68,0.24,0.02,0.91,0.03,0.18,0.16,8.85,0.09,0.04,0.10,0.02,0.06,0.03,0.13,0.12,0.07,0.09,0.05,0.02,0.32,0.05,0.13,0.11,0.06,0.10,24.76,0.04,0.66,0.03,0.04,0.30,0.23,0.07,0.17,0.08,0.29,0.70,3.00,2.00,0.28,0.04,0.08,0.05,0.09,22.68
20,Dhanusha,6,Dhanusha 6,0.29,20.04,2.31,25.82,0.26,0.32,0.19,2.18,1.72,0.08,0.06,1.98,0.05,0.10,0.22,11.45,0.05,0.04,0.05,0.05,0.12,0.07,0.11,0.23,0.10,0.63,0.08,0.07,0.67,0.11,0.11,0.15,0.11,0.24,19.66,0.06,0.44,0.05,0.04,0.23,0.33,0.08,0.23,0.10,0.46,0.97,3.20,1.59,0.42,0.02,0.09,0.05,0.22,1.71
20,Dhanusha,7,Dhanusha 7,5.77,24.44,1.36,13.06,0.24,0.37,0.85,1.32,1.37,0.25,0.06,5.60,0.04,0.06,1.11,4.33,0.07,0.04,0.05,0.02,0.16,0.08,0.08,0.13,0.25,0.09,0.08,0.03,0.46,0.19,0.13,0.15,0.07,0.10,17.45,0.07,1.05,0.04,0.04,0.12,0.16,0.05,0.18,0.66,0.38,1.26,3.10,9.41,0.36,0.02,0.28,0.03,0.18,2.71
17,Dolakha,1,Dolakha 1,0.02,25.12,1.86,43.05,0.08,0.29,0.07,1.48,0.02,0.06,0.06,0.74,0.01,0.01,0.03,0.03,0.11,0.03,0.02,0.02,0.03,0.04,0.05,0.04,0.02,0.02,0.11,0.02,0.05,0.02,0.02,0.02,0.02,0.26,23.14,0.03,0.51,0.04,0.03,0.02,0.17,0.02,0.20,0.01,0.24,1.03,0.06,0.01,0.22,0.03,0.06,0.04,0.29,0.05
17,Dolakha,2,Dolakha 2,0.06,26.08,3.05,41.67,0.10,0.57,0.10,2.06,0.02,0.44,0.06,1.03,0.02,0.02,0.06,0.18,0.03,0.03,0.04,0.06,0.07,0.08,0.05,0.05,0.04,0.10,0.08,0.03,0.08,0.03,0.04,0.01,0.10,0.31,18.46,0.02,0.71,0.02,0.05,0.05,0.21,0.08,0.26,0.01,0.43,2.00,0.10,0.02,0.34,0.03,0.07,0.11,0.20,0.08
57,Dolpa,1,Dolpa 1,0.05,14.87,2.96,55.99,0.21,0.14,0.14,1.88,0.05,0.17,0.04,1.20,0.01,0.02,0.18,0.08,0.04,0.04,0.04,0.02,0.04,0.07,0.03,0.03,0.02,0.03,0.04,0.03,0.08,0.01,0.05,0.01,0.07,0.10,10.47,0.05,0.15,0.02,0.07,0.05,0.15,0.08,0.11,0.01,0.70,6.54,2.28,0.01,0.26,0.05,0.07,0.05,0.04,0.10
70,Doti,1,Doti 1,0.10,31.15,1.16,23.21,0.26,0.22,0.10,0.89,0.04,0.15,0.04,2.19,0.02,0.02,0.09,0.06,0.04,0.03,0.04,0.05,0.08,0.13,0.08,0.09,0.09,0.12,0.05,0.05,0.12,0.04,0.06,0.05,0.10,0.15,32.33,0.09,0.78,0.06,0.08,0.09,0.70,0.07,0.17,0.05,1.25,1.92,0.33,0.02,0.48,0.04,0.04,0.10,0.27,0.04
70,Doti,2,Doti 2,0.09,26.37,1.57,31.02,0.27,0.24,0.11,1.46,0.06,0.10,0.04,1.41,0.04,0.02,0.12,0.08,0.05,0.03,0.03,0.04,0.05,0.10,0.06,0.06,0.06,0.06,0.04,0.05,0.11,0.02,0.05,0.03,0.44,0.15,23.21,0.06,0.64,0.04,0.13,0.10,6.23,0.12,0.18,0.05,1.36,2.22,0.25,0.02,0.54,0.03,0.08,0.09,0.15,0.07
36,Gorkha,1,Gorkha 1,0.02,7.99,3.87,63.63,0.11,0.16,0.10,2.24,0.02,0.05,0.09,0.94,0.02,0.01,0.08,0.04,0.02,0.03,0.01,0.01,0.08,0.02,0.03,0.04,0.03,0.87,0.02,0.02,0.12,0.03,0.03,0.02,0.03,0.06,15.51,0.03,0.30,0.04,0.06,0.05,0.21,0.08,0.18,0.01,0.35,1.56,0.26,0.02,0.26,0.03,0.07,0.04,0.07,0.04
36,Gorkha,2,Gorkha 2,0.02,4.74,2.95,72.93,0.06,0.20,0.08,2.07,0.02,0.05,0.02,1.35,0.01,0.01,0.04,0.04,0.02,0.03,0.02,0.01,0.03,0.04,0.04,0.02,0.02,0.36,0.03,0.01,0.08,0.08,0.02,0.01,0.02,0.11,11.52,0.02,0.16,0.03,0.04,0.05,0.27,0.16,0.14,0.02,0.18,1.10,0.23,0.01,0.24,0.01,0.06,0.04,0.17,0.01
36,Gorkha,3,Gorkha 3,0.05,11.47,2.67,59.35,0.32,0.29,0.12,2.68,0.02,0.07,0.04,1.14,0.01,0.02,0.11,0.06,0.05,0.06,0.03,0.01,0.05,0.04,0.11,0.11,0.04,0.20,0.03,0.04,0.14,0.03,0.03,0.02,0.04,0.08,16.67,0.04,0.60,0.07,0.09,0.10,0.20,0.06,0.17,0.04,0.59,0.97,0.08,0.02,0.45,0.05,0.09,0.08,0.10,0.05
42,Gulmi,1,Gulmi 1,0.05,26.27,1.86,32.47,0.10,0.88,0.05,1.12,0.01,0.07,0.04,0.66,0.03,0.01,0.16,0.03,0.01,0.05,0.01,0.01,0.04,0.07,0.04,0.03,0.03,0.04,0.03,0.03,0.03,0.01,0.01,0.02,0.10,0.05,27.51,0.03,0.42,0.01,0.03,0.03,5.04,0.77,0.04,0.01,0.27,0.81,0.10,0.02,0.26,0.03,0.04,0.04,0.10,0.03
42,Gulmi,2,Gulmi 2,0.05,39.88,1.24,16.64,0.04,0.19,0.04,1.05,0.01,0.05,0.02,0.87,0.01,0.01,0.07,0.02,0.01,0.02,0.07,0.03,0.05,0.03,0.03,0.03,0.03,0.01,0.02,0.02,0.04,0.01,0.01,0.01,0.05,0.06,35.26,0.01,0.31,0.01,0.03,0.03,1.75,0.26,0.05,0.01,0.28,0.74,0.07,0.01,0.27,0.01,0.04,0.02,0.06,0.03
42,Gulmi,3,Gulmi 3,0.04,32.17,1.58,35.28,0.11,0.29,0.06,1.01,0.02,0.05,0.02,0.82,0.01,0.01,0.06,0.03,0.02,0.02,0.02,0.02,0.05,0.04,0.04,0.02,0.04,0.01,0.03,0.03,0.07,0.02,0.02,0.02,0.08,0.04,21.90,0.03,0.58,0.02,0.01,0.04,1.45,0.06,0.06,0.01,0.24,2.84,0.04,0.01,0.35,0.03,0.04,0.04,0.11,0.03
61,Humla,1,Humla 1,0.02,13.67,1.52,56.57,0.09,0.15,0.07,0.44,0.01,0.02,0.03,1.95,0.00,0.02,0.05,0.03,0.01,0.02,0.00,0.02,0.01,0.01,0.02,0.05,0.02,0.00,0.01,0.01,0.05,0.00,0.03,0.02,0.01,0.29,20.16,0.04,0.52,0.00,0.03,0.02,0.14,0.05,0.10,0.02,0.99,1.88,0.49,0.01,0.18,0.00,0.02,0.01,0.04,0.07
3,Ilam,1,Ilam 1,0.04,34.14,2.34,22.74,0.08,0.13,0.44,1.11,0.01,1.67,0.03,0.57,0.03,0.02,0.11,0.09,2.09,0.05,0.00,0.01,0.03,0.04,0.02,0.02,0.02,0.16,0.03,0.01,0.03,0.01,0.02,0.00,0.04,0.06,28.07,0.03,0.24,0.06,0.03,0.03,0.07,0.07,0.10,0.00,0.22,3.90,0.12,0.02,0.13,0.01,0.02,0.02,0.61,0.05
3,Ilam,2,Ilam 2,0.04,33.95,1.95,20.26,0.04,0.45,0.11,1.32,0.02,5.81,0.02,0.41,0.08,0.00,0.04,0.14,2.17,0.05,0.00,0.01,0.01,0.03,0.02,0.03,0.04,0.58,0.11,0.02,0.03,0.01,0.00,0.01,0.02,0.05,29.88,0.02,0.24,0.04,0.03,0.02,0.08,0.20,0.05,0.01,0.27,0.75,0.07,0.01,0.16,0.02,0.03,0.03,0.22,0.03
3,Ilam,3,Ilam 3,0.03,32.52,1.81,17.86,0.06,0.23,0.36,1.09,0.01,0.94,0.07,0.48,0.01,0.01,0.08,0.13,4.76,0.05,0.00,0.02,0.02,0.04,0.04,0.02,0.04,0.31,0.17,0.02,0.02,0.03,0.01,0.01,0.01,0.04,35.53,0.02,0.30,0.10,0.02,0.04,0.06,0.05,0.06,0.01,0.30,0.91,0.34,0.01,0.13,0.01,0.05,0.05,0.67,0.04
62,Jajarkot,1,Jajarkot 1,0.04,16.95,1.09,50.74,0.24,0.13,0.16,1.07,0.04,0.03,0.02,0.79,0.04,0.02,0.06,0.06,0.01,0.02,0.01,0.01,0.04,0.02,0.06,0.05,0.05,0.09,0.03,0.02,0.07,0.01,0.04,0.01,0.04,0.13,17.76,0.03,0.35,0.04,0.05,0.05,0.39,0.05,0.17,0.01,0.51,7.15,0.07,0.01,1.01,0.02,0.05,0.02,0.05,0.02
62,Jajarkot,2,Jajarkot 2,0.04,26.54,0.69,38.73,0.19,0.19,0.10,0.75,0.02,0.02,0.02,1.21,0.03,0.02,0.03,0.07,0.01,0.01,0.00,0.00,0.01,0.07,0.04,0.05,0.04,0.14,0.04,0.03,0.07,0.02,0.01,0.03,0.04,0.14,24.33,0.04,0.55,0.04,0.08,0.03,0.47,0.03,0.21,0.03,0.54,3.15,0.03,0.02,0.84,0.02,0.03,0.07,0.07,0.02
4,Jhapa,1,Jhapa 1,0.15,26.85,2.61,31.31,0.06,0.11,0.05,1.10,0.03,2.16,0.01,0.81,0.03,0.01,0.09,0.92,1.79,0.05,0.01,0.02,0.18,0.06,0.07,0.02,0.05,0.48,0.01,0.01,0.06,0.03,0.02,0.03,0.03,0.06,26.51,0.01,0.27,0.04,0.02,0.03,0.17,0.20,0.12,0.01,0.42,0.99,0.58,0.38,0.40,0.01,0.09,0.04,0.27,0.16
4,Jhapa,2,Jhapa 2,0.24,19.00,4.10,36.30,0.15,0.13,0.18,1.60,0.02,1.55,0.09,1.14,0.02,0.01,0.17,2.58,0.61,0.04,0.01,0.04,0.24,0.08,0.08,0.05,0.07,0.15,0.03,0.03,0.22,0.13,0.03,0.07,0.04,0.06,24.19,0.03,0.32,0.03,0.03,0.04,0.12,0.53,0.13,0.15,0.52,1.13,1.57,0.97,0.26,0.01,0.12,0.05,0.24,0.29
4,Jhapa,3,Jhapa 3,0.08,17.88,3.44,31.66,0.14,0.16,0.19,1.56,0.03,1.50,0.03,0.80,0.02,0.01,0.26,3.63,0.12,0.03,0.02,0.02,0.09,0.03,0.04,0.05,0.06,0.04,0.04,0.01,0.37,0.03,0.02,0.06,0.03,0.04,25.55,0.03,0.33,0.03,0.03,0.02,0.18,1.49,0.20,0.02,0.65,3.77,0.98,3.49,0.28,0.01,0.08,0.04,0.20,0.13
4,Jhapa,4,Jhapa 4,0.26,25.11,2.82,32.51,0.07,0.18,0.03,1.07,0.02,1.20,0.07,1.20,0.04,0.01,0.09,1.35,0.26,0.03,0.01,0.01,0.17,0.06,0.04,0.04,0.02,0.13,0.04,0.02,0.07,0.12,0.02,0.04,0.03,0.05,26.76,0.02,0.31,0.01,0.03,0.03,0.19,1.74,0.11,0.01,0.61,0.62,1.20,0.29,0.27,0.01,0.08,0.04,0.14,0.35
4,Jhapa,5,Jhapa 5,0.15,19.36,3.55,24.47,0.18,0.14,0.23,1.71,0.03,3.74,0.03,1.10,0.06,0.01,0.72,4.84,0.14,0.03,0.02,0.01,0.11,0.07,0.11,0.07,0.17,0.27,0.02,0.03,0.27,0.03,0.02,0.10,0.04,0.06,24.07,0.02,0.32,0.01,0.04,0.03,0.08,0.57,0.14,0.04,0.49,1.08,1.02,8.95,0.21,0.03,0.15,0.03,0.40,0.40
4,Jhapa,6,Jhapa 6,0.11,27.79,2.31,23.62,0.16,0.91,0.16,1.61,0.03,1.47,0.02,0.68,0.03,0.02,0.33,8.58,0.03,0.04,0.03,0.02,0.11,0.09,0.07,0.12,0.17,0.22,0.04,0.01,1.81,0.05,0.03,0.28,0.03,0.07,20.26,0.03,0.33,0.03,0.02,0.06,0.11,0.39,0.11,0.25,0.57,1.21,0.88,2.00,0.24,0.01,0.05,0.03,0.21,2.21
4,Jhapa,7,Jhapa 7,0.12,25.82,3.90,30.73,0.13,0.31,0.06,1.67,0.04,4.01,0.09,0.79,0.22,0.02,0.09,2.00,0.04,0.06,0.06,0.06,0.17,0.23,0.04,0.05,0.03,0.50,0.04,0.02,0.11,0.05,0.03,0.02,0.05,0.03,19.28,0.02,0.25,0.02,0.02,0.04,0.10,1.05,0.09,0.01,0.89,5.09,0.72,0.04,0.20,0.06,0.10,0.03,0.33,0.10
59,Jumla,1,Jumla 1,0.07,13.95,1.37,46.86,0.10,0.09,0.07,0.70,0.03,0.04,0.02,0.73,0.01,0.15,0.05,0.02,0.02,0.01,0.02,0.02,0.03,0.03,0.02,0.00,0.03,0.03,0.07,0.01,0.04,0.01,0.03,0.01,0.04,8.12,21.31,0.02,0.22,0.02,0.04,0.03,0.77,0.05,0.35,0.02,0.53,2.46,0.88,0.01,0.35,0.02,0.03,0.04,0.03,0.03
71,Kailali,1,Kailali 1,0.08,11.96,3.42,45.58,0.25,0.36,0.06,1.64,0.03,5.01,0.05,1.24,0.02,0.01,0.09,2.31,0.03,0.04,0.02,0.04,0.09,0.11,0.10,0.06,0.07,0.53,0.02,0.03,0.09,0.04,0.06,0.02,0.18,0.29,18.81,0.56,0.26,0.03,0.06,0.06,0.54,0.05,0.15,0.03,1.67,2.44,0.36,0.03,0.65,0.03,0.09,0.04,0.14,0.06
71,Kailali,2,Kailali 2,0.07,21.05,2.24,45.80,0.22,0.21,0.06,1.40,0.01,0.65,0.05,0.87,0.01,0.02,0.09,0.74,0.02,0.04,0.01,0.02,0.05,0.06,0.04,0.04,0.04,0.10,0.02,0.02,0.04,0.01,0.03,0.02,0.29,1.01,19.49,0.06,0.43,0.03,0.07,0.03,0.48,0.05,0.14,0.02,1.09,1.71,0.10,0.02,0.57,0.01,0.06,0.05,0.16,0.05
71,Kailali,3,Kailali 3,0.24,10.20,3.70,39.72,0.44,0.22,0.11,2.20,0.02,10.14,0.17,0.61,0.03,0.04,0.15,4.37,0.05,0.57,0.07,0.05,0.14,0.10,0.07,0.10,0.26,0.70,0.02,0.10,0.17,0.05,0.06,0.07,0.32,0.10,12.10,0.09,0.25,0.05,0.06,0.08,0.85,0.09,0.11,0.05,0.57,8.13,0.13,1.11,0.55,0.03,0.07,0.07,0.15,0.07
71,Kailali,4,Kailali 4,0.08,12.69,2.68,53.93,0.28,0.21,0.06,1.44,0.07,0.21,0.04,0.70,0.02,0.01,0.38,0.93,0.03,0.05,0.01,0.03,0.07,0.08,0.04,0.07,0.02,0.34,0.04,0.02,0.16,0.02,0.04,0.06,0.32,0.25,15.70,0.08,0.33,0.04,0.08,0.03,0.42,0.07,0.15,0.02,3.50,3.21,0.14,0.03,0.50,0.02,0.06,0.07,0.10,0.06
71,Kailali,5,Kailali 5,0.10,18.03,2.30,37.45,0.17,0.31,0.06,1.27,0.04,1.43,0.02,0.99,0.01,0.02,0.12,0.07,0.02,0.04,0.02,0.03,0.03,0.08,0.03,0.05,0.07,0.25,0.02,0.01,0.04,0.03,0.02,0.01,0.32,0.09,29.77,0.02,0.29,0.03,0.05,0.05,1.61,0.07,0.11,0.02,1.06,2.07,0.16,0.13,0.66,0.03,0.05,0.03,0.16,0.08
71,Kailali,6,Kailali 6,0.04,21.65,2.60,33.14,0.13,0.40,0.05,1.38,0.01,1.06,0.07,0.65,0.01,0.00,0.27,0.41,0.01,0.05,0.02,0.02,0.05,0.18,0.04,0.03,0.04,0.38,0.03,0.01,0.22,0.01,0.02,0.08,0.06,0.08,25.61,0.03,0.17,0.01,0.02,0.02,1.14,0.07,0.09,0.01,5.27,2.10,0.59,0.54,0.65,0.02,0.04,0.04,0.30,0.11
60,Kalikot,1,Kalikot 1,0.04,16.67,0.88,48.51,0.10,0.07,0.04,0.54,0.04,0.03,0.01,1.09,0.01,0.01,0.06,0.05,0.01,0.01,0.01,0.01,0.02,0.03,0.03,0.02,0.02,0.01,0.06,0.01,0.04,0.13,0.02,0.02,0.09,4.97,17.34,0.02,0.38,0.02,0.03,0.03,1.93,0.07,0.14,0.02,2.01,2.76,0.14,0.01,1.23,0.02,0.02,0.07,0.07,0.05
75,Kanchanpur,1,Kanchanpur 1,0.05,18.84,2.15,32.31,0.17,0.80,0.06,1.44,0.04,0.04,0.01,1.59,0.01,0.01,0.06,0.18,0.00,0.05,0.02,0.04,0.06,0.04,0.06,0.07,0.04,0.43,0.02,0.03,0.16,0.01,0.02,0.03,0.17,0.08,26.21,0.04,0.33,0.03,0.04,0.05,8.57,0.07,0.11,0.03,1.38,2.84,0.19,0.02,0.47,0.03,0.06,0.04,0.23,0.20
75,Kanchanpur,2,Kanchanpur 2,0.11,10.52,3.17,42.65,0.36,0.87,0.07,2.55,0.01,0.07,0.02,1.36,0.02,0.02,0.05,0.08,0.02,0.03,0.02,0.04,0.05,0.09,0.05,0.05,0.03,0.93,0.04,0.02,0.88,0.03,0.05,0.24,0.12,0.11,23.39,0.05,0.35,0.02,0.07,0.07,0.85,0.10,0.15,0.01,0.59,7.02,0.19,0.03,1.48,0.03,0.05,0.07,0.34,0.39
75,Kanchanpur,3,Kanchanpur 3,0.08,15.64,3.18,40.80,0.22,0.59,0.03,2.08,0.02,0.03,0.03,1.42,0.03,0.01,0.07,0.06,0.02,0.06,0.02,0.03,0.05,0.06,0.14,0.03,0.02,0.04,0.04,0.02,0.20,0.04,0.04,0.05,0.05,0.08,25.03,0.02,0.25,0.03,0.03,0.04,0.59,0.09,0.11,0.01,2.90,4.27,0.46,0.03,0.54,0.02,0.05,0.05,0.12,0.11
75,Kanchanpur,4,Kanchanpur 4,0.04,16.88,2.33,33.05,0.23,0.42,0.06,1.76,0.02,0.04,0.02,1.01,0.01,0.01,0.05,0.05,0.02,0.08,0.02,0.04,0.04,0.08,0.38,0.03,0.04,0.02,0.03,0.02,0.21,0.02,0.05,0.03,0.04,0.08,34.73,0.02,0.27,0.03,0.02,0.03,0.28,0.08,0.13,0.01,0.85,5.27,0.39,0.01,0.38,0.04,0.05,0.05,0.07,0.06
47,Kapilvastu,1,Kapilvastu 1,0.02,26.13,1.93,26.74,0.16,0.16,0.15,0.98,0.03,0.03,0.02,1.03,0.02,0.04,0.76,0.54,0.02,0.04,0.03,0.02,0.04,0.03,0.06,0.05,0.02,0.19,0.05,0.01,0.37,0.02,0.01,0.06,0.06,0.12,27.00,0.02,0.18,0.01,0.02,0.10,2.63,1.37,0.10,0.01,0.26,1.43,0.58,0.48,0.20,0.01,0.05,0.03,0.08,5.48
47,Kapilvastu,2,Kapilvastu 2,0.20,6.23,2.25,18.99,0.60,0.24,0.21,1.45,0.06,0.06,0.05,0.67,0.04,0.17,0.26,13.20,0.09,0.03,0.11,0.02,0.16,0.05,0.55,0.41,0.20,0.12,0.05,0.04,2.55,0.07,0.06,0.44,0.06,0.14,16.71,0.08,0.21,0.04,0.07,0.30,0.75,0.20,0.17,0.11,0.18,1.65,3.46,3.80,0.31,0.08,0.09,0.06,0.07,21.83
47,Kapilvastu,3,Kapilvastu 3,0.09,3.83,1.90,13.10,0.34,0.12,0.11,1.34,0.05,0.06,0.05,0.56,0.03,0.22,0.23,4.08,0.05,0.04,0.05,0.02,0.06,0.03,0.50,0.20,0.11,0.27,0.08,0.03,2.88,0.06,0.04,0.42,0.05,0.10,15.83,0.04,0.14,0.05,0.06,0.48,0.17,0.08,0.25,0.04,0.20,4.07,4.75,2.55,0.16,0.04,0.06,0.05,0.03,39.81
47,Kapilvastu,4,Kapilvastu 4,0.13,7.97,1.58,15.09,0.27,0.23,0.12,1.00,0.05,0.10,0.03,0.37,0.02,0.19,0.09,20.48,0.05,0.02,0.11,0.05,0.16,0.04,0.79,0.26,0.15,0.16,0.03,0.04,8.24,0.09,0.05,0.86,0.06,0.05,11.85,0.07,0.25,0.04,0.06,0.43,0.75,0.04,0.19,0.13,1.24,0.73,2.05,0.60,0.16,0.04,0.18,0.04,0.08,22.08
47,Kapilvastu,5,Kapilvastu 5,0.16,5.38,0.94,15.14,0.26,0.28,0.16,0.63,0.07,0.06,0.06,0.35,0.03,0.20,0.22,24.34,0.11,0.05,0.08,0.03,0.09,0.04,0.46,0.98,0.14,0.18,0.04,0.03,1.18,0.10,0.04,0.19,0.06,0.05,13.95,0.08,0.10,0.06,0.03,0.27,0.33,0.06,0.09,0.17,2.26,0.73,1.77,3.58,0.12,0.03,0.05,0.05,0.03,24.11
39,Kaski,1,Kaski 1,0.03,29.39,2.82,32.46,0.07,0.33,0.09,1.61,0.05,0.06,0.03,0.62,0.01,0.01,0.07,0.04,0.02,0.05,0.01,0.01,0.02,0.06,0.02,0.06,0.02,0.18,0.04,0.01,0.03,0.02,0.03,0.01,0.04,0.05,28.05,0.03,0.25,0.01,0.02,0.02,0.25,0.18,0.09,0.01,0.38,1.59,0.30,0.01,0.19,0.02,0.07,0.03,0.12,0.03
39,Kaski,2,Kaski 2,0.03,25.45,3.28,33.72,0.07,0.26,0.07,1.67,0.18,0.03,0.04,0.62,0.01,0.01,0.04,0.04,0.01,0.06,0.04,0.01,0.09,0.31,0.03,0.16,0.02,0.40,0.12,0.02,0.02,0.02,0.12,0.02,0.06,0.07,25.24,0.01,0.13,0.02,0.03,0.02,0.30,0.23,0.08,0.01,0.98,4.17,1.05,0.02,0.21,0.01,0.06,0.01,0.21,0.07
39,Kaski,3,Kaski 3,0.02,30.63,2.86,33.14,0.05,0.16,0.05,1.51,0.07,0.03,0.02,0.50,0.01,0.02,0.04,0.06,0.01,0.05,0.02,0.02,0.05,0.07,0.03,0.02,0.01,0.11,0.17,0.02,0.04,0.02,0.05,0.02,0.11,0.05,24.32,0.03,0.18,0.02,0.03,0.02,0.31,0.23,0.07,0.00,0.37,2.56,1.38,0.00,0.21,0.05,0.01,0.01,0.11,0.05
39,Kaski,4,Kaski 4,0.04,28.25,2.97,34.38,0.12,0.27,0.14,2.66,0.02,0.07,0.04,0.63,0.01,0.01,0.07,0.04,0.01,0.03,0.02,0.03,0.05,0.07,0.02,0.04,0.02,0.07,0.20,0.04,0.05,0.01,0.03,0.01,0.03,0.08,25.35,0.01,0.36,0.02,0.04,0.03,0.35,0.12,0.06,0.00,0.36,1.63,0.43,0.01,0.37,0.03,0.06,0.04,0.19,0.04
26,Kathmandu,1,Kathmandu 1,0.22,21.01,1.61,18.19,0.12,0.20,0.23,0.88,0.08,0.30,0.12,0.63,0.06,0.04,0.04,0.53,0.06,0.05,0.09,0.12,2.62,0.10,0.14,0.05,0.07,0.37,0.27,0.07,0.14,0.13,0.02,0.08,0.33,0.36,36.41,0.07,0.31,0.05,0.03,0.10,0.16,0.28,0.26,0.02,1.46,3.26,6.66,0.14,0.13,0.15,0.11,0.04,0.06,0.93
26,Kathmandu,10,Kathmandu 10,0.03,19.36,1.91,43.99,0.05,0.10,0.08,0.70,0.02,0.07,0.04,1.24,0.02,0.01,0.03,0.05,0.01,0.01,0.01,0.02,0.87,0.05,0.08,0.01,0.02,0.54,0.05,0.01,0.03,0.03,0.02,0.01,0.02,0.61,23.20,0.01,0.12,0.01,0.01,0.03,0.16,0.06,0.04,0.00,1.35,2.80,1.46,0.01,0.32,0.01,0.04,0.03,0.11,0.09
26,Kathmandu,2,Kathmandu 2,0.10,25.14,1.38,32.31,0.06,0.22,0.27,0.83,0.02,0.12,0.01,0.70,0.01,0.03,0.04,0.33,0.02,0.05,0.05,0.02,0.99,0.12,0.03,0.02,0.02,0.18,0.17,0.01,0.08,0.03,0.01,0.02,0.07,0.26,23.87,0.03,0.24,0.02,0.02,0.04,0.16,0.13,0.06,0.01,0.62,4.44,5.75,0.04,0.17,0.05,0.06,0.02,0.21,0.36
26,Kathmandu,3,Kathmandu 3,0.07,26.53,2.14,27.72,0.04,0.20,0.15,0.89,0.02,0.34,0.03,0.74,0.01,0.02,0.03,0.08,0.04,0.06,0.09,0.01,0.76,0.18,0.03,0.01,0.02,0.27,0.06,0.01,0.04,0.10,0.03,0.02,0.15,0.21,28.84,0.01,0.22,0.01,0.01,0.05,0.15,0.10,0.10,0.00,0.95,2.37,3.89,0.02,0.49,0.08,0.18,0.02,1.18,0.24
26,Kathmandu,4,Kathmandu 4,0.10,23.99,1.70,25.02,0.08,0.17,0.14,0.70,0.05,0.16,0.07,0.64,0.02,0.02,0.05,0.30,0.12,0.10,0.04,0.05,1.75,0.06,0.06,0.01,0.03,0.27,0.44,0.02,0.05,0.06,0.01,0.06,0.33,0.53,30.51,0.03,0.19,0.08,0.01,0.04,0.12,0.14,0.05,0.01,0.98,2.48,7.23,0.04,0.17,0.03,0.20,0.03,0.15,0.36
26,Kathmandu,5,Kathmandu 5,0.14,24.92,1.71,23.70,0.08,0.15,0.15,0.66,0.02,0.29,0.02,0.67,0.01,0.04,0.04,0.16,0.02,0.10,0.02,0.08,1.41,0.06,0.03,0.02,0.09,0.27,0.16,0.01,0.02,0.08,0.02,0.01,0.14,2.42,29.47,0.03,0.08,0.02,0.02,0.04,0.11,0.24,0.06,0.01,0.68,1.65,8.88,0.04,0.17,0.03,0.09,0.02,0.20,0.43
26,Kathmandu,6,Kathmandu 6,0.04,24.55,1.36,29.74,0.03,0.15,0.11,0.91,0.07,0.09,0.02,0.61,0.01,0.11,0.01,0.12,0.02,0.06,0.03,0.03,5.38,0.06,0.04,0.01,0.04,0.22,0.13,0.02,0.03,0.04,0.01,0.01,0.05,1.25,26.09,0.01,0.12,0.02,0.01,0.01,0.12,0.14,0.03,0.02,1.04,2.48,3.81,0.02,0.23,0.04,0.06,0.02,0.14,0.23
26,Kathmandu,7,Kathmandu 7,0.06,21.65,1.51,30.24,0.08,0.24,0.08,0.94,0.02,0.18,0.06,0.97,0.02,0.03,0.17,0.10,0.05,0.07,0.02,0.02,11.31,0.05,0.04,0.02,0.11,0.29,0.07,0.17,0.02,0.06,0.03,0.02,0.07,0.42,20.82,0.06,0.14,0.03,0.03,0.04,0.15,0.11,0.05,0.02,0.64,2.29,5.65,0.06,0.20,0.04,0.13,0.01,0.14,0.21
26,Kathmandu,8,Kathmandu 8,0.02,20.57,1.20,19.15,0.07,0.26,0.23,0.92,0.04,0.24,0.04,0.48,0.02,0.02,0.08,0.24,0.01,0.02,0.06,0.02,16.99,0.06,0.05,0.01,0.10,0.22,0.09,0.02,0.04,0.08,0.04,0.01,0.01,0.27,26.18,0.01,0.09,0.08,0.02,0.02,0.07,0.08,0.05,0.01,0.57,2.35,7.40,0.11,0.17,0.07,0.13,0.01,0.16,0.77
26,Kathmandu,9,Kathmandu 9,0.04,23.04,1.44,27.76,0.04,0.22,0.10,1.15,0.04,0.21,0.03,0.64,0.02,0.03,0.30,0.24,0.01,0.05,0.05,0.02,9.66,0.13,0.03,0.02,0.10,0.35,0.13,0.02,0.09,0.08,0.02,0.02,0.03,0.86,24.42,0.02,0.12,0.05,0.04,0.03,0.18,0.09,0.06,0.02,0.77,2.12,3.98,0.07,0.39,0.04,0.08,0.03,0.07,0.47
29,Kavrepalanchok,1,Kavrepalanchok 1,0.04,16.57,2.50,53.69,0.03,1.20,0.04,1.33,0.01,0.05,0.02,6.80,0.01,0.01,0.02,0.05,0.02,0.03,0.01,0.01,0.01,0.06,0.03,0.03,0.02,0.09,0.05,0.01,0.03,0.02,0.01,0.00,0.01,0.14,13.68,0.03,0.35,0.02,0.01,0.02,0.20,0.68,0.08,0.01,0.43,0.51,0.38,0.02,0.16,0.01,0.12,0.03,0.30,0.04
29,Kavrepalanchok,2,Kavrepalanchok 2,0.04,24.51,3.39,36.54,0.06,0.29,0.05,1.50,0.01,0.52,0.02,2.74,0.02,0.01,0.04,0.03,0.01,0.02,0.02,0.02,0.05,0.06,0.03,0.02,0.03,0.23,0.06,0.01,0.04,0.04,0.01,0.01,0.02,0.26,21.02,0.02,0.61,0.02,0.02,0.03,0.14,0.07,0.12,0.01,4.58,1.01,0.88,0.01,0.28,0.01,0.07,0.04,0.28,0.06
29,Kavrepalanchok,3,Kavrepalanchok 3,0.05,29.86,2.88,29.79,0.05,0.23,0.05,1.23,0.01,0.06,0.04,1.39,0.01,0.01,0.03,0.03,0.01,0.03,0.02,0.02,0.25,0.08,0.03,0.03,0.02,0.23,0.07,0.02,0.03,0.05,0.02,0.01,0.02,3.43,25.41,0.01,0.49,0.02,0.02,0.03,0.13,0.04,0.12,0.01,0.75,1.29,0.88,0.01,0.24,0.03,0.10,0.03,0.20,0.06
29,Kavrepalanchok,4,Kavrepalanchok 4,0.06,28.68,3.80,40.53,0.04,0.80,0.11,2.07,0.02,0.05,0.03,2.86,0.01,0.01,0.05,0.04,0.01,0.05,0.03,0.04,0.03,0.10,0.02,0.03,0.03,0.15,0.06,0.03,0.04,0.06,0.01,0.01,0.03,0.56,15.30,0.01,0.58,0.03,0.02,0.02,0.16,0.20,0.16,0.01,0.40,0.99,0.35,0.01,0.36,0.01,0.16,0.07,0.67,0.07
12,Khotang,1,Khotang 1,0.13,20.63,3.57,37.95,0.09,4.31,0.06,2.58,0.02,0.14,0.03,4.65,0.05,0.01,0.07,0.12,0.03,0.06,0.01,0.02,0.03,0.06,0.07,0.08,0.28,0.02,0.02,0.03,0.07,0.03,0.03,0.01,0.07,0.04,20.18,0.06,0.81,0.03,0.10,0.09,0.16,0.03,0.16,0.02,0.84,0.82,0.29,0.01,0.47,0.04,0.20,0.07,0.16,0.08
12,Khotang,2,Khotang 2,0.12,23.57,2.77,38.59,0.10,2.74,0.11,2.16,0.03,0.08,0.06,1.90,0.03,0.01,0.07,0.13,0.08,0.06,0.08,0.00,0.04,0.08,0.10,0.08,0.02,0.03,0.03,0.04,0.07,0.03,0.02,0.01,0.05,0.10,22.37,0.04,0.76,0.05,0.06,0.09,0.19,0.12,0.17,0.04,1.28,0.49,0.05,0.03,0.43,0.04,0.08,0.08,0.18,0.07
28,Lalitpur,1,Lalitpur 1,0.04,23.28,2.59,33.41,0.06,0.31,0.04,0.77,0.01,0.35,0.04,1.12,0.01,0.04,0.03,0.05,0.01,0.02,0.01,0.02,0.24,0.08,0.01,0.02,0.02,0.14,0.04,0.00,0.04,0.03,0.02,0.01,0.03,0.08,26.38,0.02,0.18,0.01,0.01,0.03,0.13,0.13,0.05,0.01,1.39,5.84,2.22,0.01,0.20,0.02,0.04,0.02,0.27,0.07
28,Lalitpur,2,Lalitpur 2,0.05,20.09,1.70,32.87,0.11,0.16,0.17,0.45,0.03,0.09,0.03,2.91,0.08,0.01,0.06,0.12,0.01,0.03,0.05,0.03,6.58,0.15,0.02,0.03,0.05,0.31,0.28,0.04,0.04,0.02,0.02,0.01,0.04,0.31,25.55,0.02,0.10,0.02,0.01,0.04,0.15,0.12,0.07,0.01,0.83,2.08,3.28,0.04,0.16,0.15,0.13,0.02,0.07,0.17
28,Lalitpur,3,Lalitpur 3,0.05,18.24,1.77,33.02,0.04,0.56,0.13,0.36,0.02,0.34,0.04,5.80,0.14,0.02,0.03,0.22,0.05,0.03,0.04,0.03,3.05,0.16,0.05,0.05,0.05,0.46,0.41,0.01,0.05,0.02,0.04,0.01,0.03,0.21,20.48,0.04,0.12,0.02,0.03,0.04,0.73,0.33,0.04,0.02,5.75,2.16,3.88,0.04,0.16,0.04,0.12,0.02,0.11,0.35
38,Lamjung,1,Lamjung 1,0.04,20.68,2.60,42.32,0.15,0.15,0.09,1.97,0.02,0.08,0.03,0.95,0.01,0.02,0.07,0.04,0.02,0.04,0.02,0.03,0.03,0.07,0.06,0.06,0.05,0.23,0.12,0.04,0.09,0.02,0.02,0.02,0.04,0.14,23.79,0.03,0.34,0.04,0.07,0.05,0.13,0.04,0.13,0.02,0.41,2.86,0.19,0.01,0.35,0.02,0.08,0.05,1.03,0.03
38,Lamjung,2,Lamjung 2,0.03,36.52,1.37,24.81,0.07,0.14,0.04,0.89,0.01,0.05,0.05,0.72,0.01,0.00,0.03,0.02,0.01,0.05,0.01,0.02,0.03,0.03,0.02,0.02,0.02,0.15,0.02,0.01,0.04,0.01,0.02,0.01,0.03,0.07,31.97,0.01,0.23,0.02,0.02,0.02,0.06,0.04,0.06,0.01,0.50,0.83,0.37,0.01,0.20,0.01,0.05,0.03,0.19,0.05
21,Mahottari,1,Mahottari 1,1.07,19.74,1.22,11.19,0.20,0.96,0.07,1.46,2.09,0.04,0.03,20.07,0.04,0.07,0.06,4.20,0.05,0.10,0.05,0.04,0.13,0.05,0.10,0.09,0.08,0.08,0.11,0.04,0.25,0.02,0.15,0.10,0.07,0.12,14.43,0.06,0.37,0.02,0.01,0.18,0.21,1.89,0.17,3.92,0.24,1.73,0.91,0.39,0.35,0.02,0.76,0.03,0.15,10.05
21,Mahottari,2,Mahottari 2,0.15,11.71,1.89,13.31,0.75,0.25,0.18,2.57,1.55,0.09,0.09,0.69,0.03,0.16,0.21,19.52,0.35,0.08,0.13,0.03,0.10,0.07,0.19,0.37,0.10,0.09,0.07,0.05,0.46,0.12,0.11,0.20,0.09,0.19,16.55,0.08,0.48,0.50,0.07,0.23,0.23,0.10,0.20,0.12,0.18,8.03,1.44,0.95,0.36,0.04,0.09,0.05,0.12,14.15
21,Mahottari,3,Mahottari 3,0.12,23.52,1.72,11.58,0.29,0.15,0.09,1.19,0.94,0.05,0.04,0.51,0.02,0.20,0.64,7.97,0.07,0.11,0.10,0.04,0.07,0.04,0.13,0.19,0.03,0.08,0.06,0.03,1.20,0.08,0.06,0.20,0.04,0.13,12.43,0.05,0.52,0.03,0.05,0.27,0.14,0.06,0.18,0.09,1.05,1.82,2.52,0.42,0.28,0.04,0.08,0.04,0.13,28.11
21,Mahottari,4,Mahottari 4,0.10,12.98,1.90,17.49,0.45,0.20,0.13,1.56,0.27,0.04,0.05,0.55,0.05,0.19,0.33,11.49,0.15,0.02,0.11,0.02,0.06,0.06,0.13,0.27,0.05,0.08,0.07,0.04,0.29,0.05,0.05,0.05,0.06,0.14,8.98,0.04,0.38,0.06,0.06,0.30,0.17,0.08,0.11,0.07,1.50,8.97,1.96,1.14,0.26,0.06,0.07,0.05,0.07,26.14
21,Mahottari,5,Mahottari 5,0.11,17.14,0.96,12.81,0.34,0.30,0.16,1.86,0.69,0.05,0.04,2.82,0.02,0.12,0.29,20.96,0.07,0.38,0.11,0.04,0.08,0.04,0.13,0.89,1.09,0.10,0.05,0.04,0.84,0.10,0.08,0.10,0.11,0.10,18.85,0.05,0.32,0.05,0.04,0.18,0.18,0.05,0.11,0.11,0.70,1.27,1.13,4.01,0.26,0.03,0.14,0.06,0.15,9.36
21,Mahottari,6,Mahottari 6,0.15,2.30,2.02,18.87,0.30,0.75,0.77,1.39,1.02,0.06,0.06,7.96,0.05,0.09,0.37,15.04,0.06,0.03,0.14,0.03,0.18,0.07,0.13,0.32,0.21,0.09,0.07,0.05,1.14,0.06,0.12,0.23,0.06,0.14,14.20,0.04,0.16,0.05,0.04,0.26,0.19,1.20,0.16,0.27,0.64,6.13,1.12,9.80,0.18,0.05,0.40,0.04,0.10,10.65
31,Makwanpur,1,Makwanpur 1,0.03,21.43,3.38,48.26,0.07,0.43,0.03,2.02,0.02,0.12,0.01,1.18,0.02,0.04,0.04,0.04,0.02,0.02,0.01,0.02,0.02,0.05,0.05,0.02,0.03,0.34,0.06,0.01,0.12,0.02,0.11,0.01,0.01,0.32,15.29,0.02,0.37,0.01,0.04,0.04,0.17,0.06,0.21,0.01,0.26,1.03,3.42,0.03,0.25,0.00,0.06,0.02,0.13,0.21
31,Makwanpur,2,Makwanpur 2,0.04,27.27,3.44,43.05,0.10,0.18,0.04,1.82,0.02,0.15,0.01,6.54,0.02,0.01,0.04,0.06,0.02,0.02,0.02,0.01,0.14,0.04,0.02,0.04,0.02,0.21,0.04,0.01,0.09,0.04,0.03,0.02,0.02,0.22,7.93,0.03,0.39,0.03,0.02,0.04,1.26,0.08,0.20,0.03,0.26,3.40,1.75,0.02,0.27,0.02,0.10,0.07,0.13,0.14
31,Makwanpur,3,Makwanpur 3,0.07,26.19,3.95,38.61,0.09,0.18,0.05,1.42,0.02,0.77,0.03,1.14,0.04,0.01,0.04,0.24,0.01,0.06,0.01,0.03,0.74,0.03,0.03,0.03,0.01,0.17,0.07,0.01,0.12,0.02,0.02,0.02,0.02,0.19,15.07,0.03,0.26,0.02,0.02,0.04,0.16,0.04,0.10,0.02,0.24,1.23,7.17,0.03,0.18,0.01,0.07,0.03,0.43,0.44
31,Makwanpur,4,Makwanpur 4,0.03,29.86,4.39,38.98,0.08,0.33,0.05,2.09,0.03,0.77,0.02,4.88,0.01,0.02,0.03,0.09,0.07,0.02,0.02,0.02,0.04,0.06,0.04,0.04,0.04,0.09,0.03,0.02,0.20,0.04,0.02,0.01,0.05,0.13,11.17,0.04,0.48,0.03,0.02,0.04,1.05,0.07,0.17,0.01,0.34,2.23,1.02,0.02,0.33,0.03,0.14,0.02,0.11,0.09
37,Manang,1,Manang 1,0.00,8.89,1.67,33.97,0.03,0.09,0.03,0.98,0.00,0.03,0.03,1.73,0.03,0.00,0.03,0.14,0.03,0.03,0.03,0.06,0.00,0.03,0.09,0.09,0.03,0.12,0.00,0.03,0.03,0.00,0.03,0.00,0.00,0.00,41.16,0.03,0.12,0.06,0.00,0.12,0.12,0.09,0.06,0.00,0.37,8.97,0.29,0.03,0.17,0.03,0.00,0.03,0.03,0.14
9,Morang,1,Morang 1,0.14,17.99,2.12,16.73,0.35,0.19,0.42,1.31,0.26,1.82,0.08,0.43,0.04,0.06,0.94,17.12,0.10,0.05,0.05,0.01,0.28,0.08,0.10,0.28,0.29,0.11,0.11,0.01,0.45,0.08,0.07,0.11,0.07,0.56,21.88,0.06,0.35,0.02,0.04,0.06,0.16,0.11,0.14,0.09,0.42,2.35,0.74,9.44,0.24,0.02,0.19,0.03,0.36,0.49
9,Morang,2,Morang 2,0.10,26.08,2.93,34.40,0.14,0.24,0.08,2.21,0.08,2.04,0.08,1.27,0.14,0.02,0.07,3.40,0.04,0.05,0.06,0.03,0.16,0.09,0.06,0.07,0.08,0.55,0.08,0.02,0.28,0.02,0.04,0.08,0.05,0.05,20.57,0.04,0.50,0.04,0.05,0.05,0.19,0.25,0.13,0.03,0.36,1.17,0.17,0.12,0.25,0.04,0.09,0.03,0.65,0.18
9,Morang,3,Morang 3,0.09,21.50,3.25,30.21,0.29,0.40,0.14,2.16,0.03,2.07,0.04,0.57,0.51,0.02,0.72,6.78,0.24,0.06,0.02,0.02,0.12,0.05,0.05,0.18,0.62,0.19,0.09,0.03,0.25,0.04,0.05,0.10,0.07,0.26,21.80,0.04,0.42,0.04,0.04,0.04,0.23,1.48,0.14,0.05,0.54,2.30,0.24,0.46,0.23,0.04,0.07,0.04,0.37,0.20
9,Morang,4,Morang 4,0.26,13.32,3.06,18.93,0.44,0.28,0.43,1.95,1.06,0.14,0.13,0.71,0.27,0.02,0.78,21.27,0.14,0.18,0.09,0.02,0.25,0.05,0.10,0.46,0.58,0.29,0.97,0.05,1.29,0.11,0.23,0.40,0.08,0.18,18.54,0.07,0.70,0.03,0.04,0.05,0.24,0.10,0.23,0.11,0.77,1.29,0.37,8.17,0.26,0.06,0.21,0.05,0.12,0.07
9,Morang,5,Morang 5,0.15,6.29,0.87,9.45,0.24,0.11,0.13,0.53,0.28,0.09,0.10,0.52,0.07,0.05,0.09,55.66,0.10,0.02,0.13,0.02,0.44,0.01,0.12,0.26,0.08,0.05,0.04,0.04,1.06,0.06,0.12,0.24,0.02,0.13,18.20,0.03,0.34,0.04,0.03,0.03,0.07,0.04,0.26,0.10,0.18,0.84,0.44,0.95,0.11,0.21,0.17,0.02,0.08,0.26
9,Morang,6,Morang 6,0.35,14.75,1.46,11.12,0.27,0.23,0.19,0.75,0.18,0.11,0.21,0.38,0.04,0.04,0.11,34.99,0.07,0.02,0.07,0.02,0.54,0.02,0.06,0.55,0.17,0.14,0.02,0.03,0.83,0.08,0.06,0.28,0.05,0.10,25.69,0.05,0.34,0.05,0.03,0.05,0.08,0.10,0.12,0.05,0.39,0.64,2.42,0.45,0.08,0.04,0.08,0.05,0.05,0.92
9,Morang,7,Morang 7,0.41,12.52,1.48,12.67,0.24,0.34,0.12,0.83,0.09,0.10,0.19,0.53,0.05,0.04,0.17,35.02,0.06,0.04,0.10,0.03,0.83,0.03,0.09,0.18,0.28,0.40,0.06,0.02,0.56,0.07,0.12,0.18,0.03,0.14,26.85,0.03,0.64,0.03,0.03,0.05,0.06,0.07,0.13,0.05,0.35,0.86,1.55,0.60,0.10,0.06,0.13,0.02,0.07,0.30
9,Morang,8,Morang 8,0.09,29.59,3.40,33.20,0.18,0.52,0.06,2.22,0.02,0.40,0.06,0.58,0.26,0.01,0.07,3.53,0.08,0.06,0.03,0.03,0.20,0.07,0.07,0.08,0.08,0.32,0.05,0.03,0.16,0.06,0.03,0.07,0.08,0.09,19.71,0.05,0.52,0.02,0.03,0.05,0.20,0.34,0.16,0.02,0.76,1.12,0.30,0.04,0.25,0.06,0.07,0.05,0.42,0.05
9,Morang,9,Morang 9,0.05,26.86,2.91,32.33,0.11,0.27,0.07,2.01,0.03,4.74,0.03,0.53,0.11,0.02,0.08,0.65,0.12,0.07,0.28,0.01,0.36,0.21,0.04,0.02,0.08,1.16,0.02,0.02,0.08,0.03,0.01,0.02,0.05,0.06,22.61,0.04,0.35,0.03,0.03,0.04,0.14,0.19,0.13,0.02,0.58,1.51,0.13,0.02,0.25,0.02,0.14,0.05,0.26,0.04
58,Mugu,1,Mugu 1,0.01,24.79,0.87,38.91,0.09,0.32,0.03,0.49,0.02,0.03,0.01,0.90,0.02,0.00,0.01,0.06,0.01,0.03,0.01,0.04,0.00,0.03,0.03,0.12,0.02,0.01,0.08,0.01,0.03,0.01,0.00,0.00,0.03,0.60,21.34,0.02,0.39,0.01,0.02,0.00,1.33,0.05,0.31,0.00,2.56,2.71,0.06,0.01,3.44,0.03,0.03,0.04,0.04,0.01
48,Mustang,1,Mustang 1,0.01,39.30,1.00,13.24,0.12,0.23,0.06,0.60,0.10,0.07,0.04,1.79,0.03,0.03,0.09,0.01,0.00,0.01,0.01,0.01,0.03,0.04,0.03,0.06,0.07,0.04,1.95,0.00,0.03,0.01,0.00,0.01,0.07,0.13,35.83,0.00,0.69,0.03,0.06,0.04,0.25,0.03,0.03,0.04,0.28,1.54,1.26,0.03,0.22,0.01,0.10,0.06,0.13,0.10
49,Myagdi,1,Myagdi 1,0.11,26.73,2.54,42.92,0.26,0.97,0.09,2.83,0.04,0.08,0.02,1.28,0.01,0.04,0.08,0.06,0.02,0.02,0.01,0.04,0.04,0.09,0.05,0.05,0.04,0.05,0.06,0.08,0.10,0.02,0.03,0.02,0.04,0.15,15.88,0.04,0.36,0.03,0.08,0.05,0.40,0.56,0.13,0.02,0.26,1.71,0.63,0.02,0.47,0.03,0.06,0.06,0.15,0.09
45,Nawalparasi,1,Nawalparasi 1,0.02,17.57,2.68,31.81,0.06,0.18,0.04,1.20,0.03,0.02,0.04,0.68,0.02,0.01,0.04,0.05,0.01,0.04,0.00,0.01,0.01,0.03,0.05,0.02,0.03,0.41,0.06,0.03,0.05,0.02,0.01,0.00,0.03,0.05,35.70,0.02,0.20,0.01,0.03,0.04,1.32,4.84,0.06,0.01,0.65,0.97,0.23,0.04,0.20,0.01,0.06,0.05,0.20,0.06
45,Nawalparasi,2,Nawalparasi 2,0.04,24.92,2.50,29.68,0.04,0.21,0.03,1.29,0.02,0.07,0.01,2.78,0.01,0.01,0.05,0.07,0.02,0.02,0.01,0.03,0.02,0.09,0.03,0.02,0.02,0.55,0.15,0.08,0.04,0.01,0.02,0.01,0.02,0.08,27.77,0.02,0.23,0.02,0.02,0.04,0.69,6.03,0.09,0.01,0.56,0.67,0.15,0.06,0.24,0.01,0.09,0.06,0.22,0.07
45,Nawalparasi,3,Nawalparasi 3,0.02,24.18,3.37,34.61,0.08,0.09,0.15,1.18,0.04,0.08,0.05,0.67,0.02,0.00,0.03,0.34,0.03,0.02,0.02,0.02,0.03,0.06,0.03,0.01,0.02,0.48,0.05,0.02,0.35,0.01,0.11,0.03,0.08,0.08,22.15,0.09,0.21,0.04,0.03,0.01,1.74,6.64,0.07,0.01,0.25,1.67,0.06,0.11,0.17,0.02,0.04,0.03,0.12,0.18
45,Nawalparasi,4,Nawalparasi 4,0.07,17.03,3.04,26.99,0.22,0.13,0.18,1.15,0.02,0.05,0.02,0.50,0.02,0.06,0.43,6.34,0.04,0.02,0.04,0.04,0.14,0.05,0.05,0.11,0.22,0.29,0.04,0.03,0.21,0.05,0.03,0.07,0.04,0.07,11.37,0.25,0.19,0.01,0.04,0.12,0.70,2.11,0.09,0.03,0.20,7.14,1.12,8.41,0.19,0.02,0.09,0.04,0.05,10.07
45,Nawalparasi,5,Nawalparasi 5,0.12,7.36,2.30,22.30,0.17,0.26,0.22,1.16,0.04,0.03,0.06,0.39,0.02,0.08,0.17,24.99,0.06,0.04,0.04,0.02,0.10,0.04,0.21,0.61,0.10,0.09,0.04,0.03,1.10,0.06,0.04,0.24,0.02,0.05,18.00,0.04,0.17,0.04,0.07,0.14,0.13,2.16,0.08,0.15,0.14,2.41,1.37,1.08,0.13,0.04,0.03,0.03,0.04,11.19
45,Nawalparasi,6,Nawalparasi 6,0.10,9.04,1.90,16.24,0.26,0.13,0.09,1.29,0.14,0.06,0.03,0.42,0.02,0.15,0.05,16.18,0.05,0.01,0.07,0.04,0.11,0.04,1.03,0.20,0.09,0.11,0.03,0.01,0.66,0.06,0.07,0.14,0.14,0.07,20.29,0.04,0.18,0.06,0.05,0.28,0.97,2.26,0.12,0.13,0.16,2.32,1.79,0.20,0.23,0.03,0.05,0.04,0.07,21.68
25,Nuwakot,1,Nuwakot 1,0.03,13.19,3.99,40.00,0.06,0.48,0.06,2.08,0.02,0.06,0.03,0.92,0.01,0.02,0.06,0.09,0.01,0.02,0.01,0.01,0.01,0.04,0.04,0.02,0.03,0.06,0.03,0.03,0.06,0.06,0.04,0.01,0.04,0.13,24.72,0.03,0.32,0.01,0.03,0.05,0.12,0.05,0.13,0.01,10.88,1.08,0.14,0.01,0.43,0.01,0.04,0.07,0.10,0.03
25,Nuwakot,2,Nuwakot 2,0.05,11.51,3.14,36.31,0.09,0.36,0.06,1.85,0.01,0.03,0.02,1.11,0.01,0.01,0.04,0.05,0.00,0.02,0.04,0.02,0.02,0.05,0.04,0.03,0.03,0.05,0.03,0.03,0.05,0.02,0.01,0.00,0.02,0.21,35.65,0.02,0.43,0.02,0.04,0.04,0.10,0.06,0.15,0.01,2.87,4.24,0.12,0.02,0.59,0.02,0.05,0.07,0.15,0.03
25,Nuwakot,3,Nuwakot 3,0.04,16.05,2.98,34.59,0.08,0.46,0.10,2.51,0.01,0.09,0.03,0.88,0.01,0.02,0.07,0.08,0.01,0.02,0.01,0.01,0.08,0.20,0.05,0.04,0.03,0.16,0.03,0.02,0.08,0.05,0.02,0.02,0.02,0.19,29.82,0.02,0.31,0.02,0.03,0.05,0.14,0.07,0.17,0.01,7.32,1.30,0.36,0.02,0.97,0.04,0.06,0.13,0.07,0.06
13,Okhaldhunga,1,Okhaldhunga 1,0.08,25.86,2.53,31.84,0.19,0.39,0.10,2.35,0.03,0.09,0.05,2.49,0.03,0.02,0.11,0.15,0.03,0.07,0.06,0.04,0.03,0.05,0.06,0.05,0.02,0.19,0.02,0.02,0.05,0.02,0.04,0.06,0.05,0.11,28.77,0.02,0.63,0.06,0.05,0.07,0.16,0.06,0.16,0.02,0.45,1.04,0.08,0.01,0.49,0.07,0.09,0.07,0.36,0.07
13,Okhaldhunga,2,Okhaldhunga 2,0.11,25.63,2.59,31.99,0.13,0.29,0.10,2.19,0.05,0.09,0.11,1.19,0.03,0.02,0.11,0.18,0.02,0.33,0.03,0.03,0.07,0.07,0.07,0.08,0.05,0.11,0.04,0.08,0.10,0.02,0.04,0.04,0.05,0.10,29.42,0.06,0.86,0.06,0.12,0.09,0.16,0.06,0.19,0.00,0.35,1.52,0.05,0.04,0.41,0.04,0.07,0.08,0.25,0.05
2,Paanchthar,1,Paanchthar 1,0.05,27.87,2.00,22.45,0.13,0.48,0.02,1.22,0.01,8.38,0.05,0.76,0.09,0.01,0.12,0.06,0.43,0.09,0.01,0.01,0.03,0.04,0.05,0.05,0.09,0.19,0.03,0.04,0.07,0.01,0.01,0.01,0.07,0.11,27.87,0.04,0.47,0.04,0.03,0.08,0.07,0.31,0.06,0.02,0.32,2.69,2.29,0.02,0.17,0.03,0.03,0.06,0.20,0.18
2,Paanchthar,2,Paanchthar 2,0.03,28.14,2.40,14.68,0.08,0.39,0.05,1.28,0.02,12.48,0.05,2.30,0.01,0.03,0.09,0.11,0.06,0.04,0.01,0.18,0.03,0.03,0.03,0.05,0.06,0.10,0.05,0.04,0.05,0.03,0.01,0.01,0.10,0.16,26.28,0.03,0.39,0.02,0.04,0.11,0.05,0.38,0.15,0.03,0.20,0.95,6.79,0.03,0.21,0.01,0.12,0.02,0.34,0.66
43,Palpa,1,Palpa 1,0.04,46.12,1.22,15.21,0.08,0.35,0.03,1.19,0.02,0.02,0.01,1.25,0.03,0.02,0.06,0.02,0.01,0.01,0.01,0.01,0.03,0.04,0.05,0.03,0.03,0.05,0.08,0.03,0.05,0.00,0.02,0.02,0.04,0.07,30.32,0.04,0.36,0.02,0.04,0.03,0.58,0.31,0.07,0.01,0.16,1.24,0.04,0.00,0.26,0.03,0.04,0.04,0.10,0.06
43,Palpa,2,Palpa 2,0.05,27.38,3.50,30.62,0.13,0.15,0.08,1.95,0.01,0.04,0.05,1.30,0.03,0.00,0.08,0.04,0.02,0.03,0.01,0.03,0.03,0.08,0.05,0.03,0.04,0.08,0.08,0.03,0.05,0.03,0.02,0.01,0.06,0.10,25.85,0.03,0.30,0.04,0.06,0.05,0.51,5.13,0.12,0.02,0.28,0.84,0.06,0.01,0.27,0.02,0.09,0.04,0.07,0.04
43,Palpa,3,Palpa 3,0.03,31.23,2.19,26.42,0.09,0.16,0.09,2.02,0.02,0.04,0.02,1.05,0.02,0.01,0.04,0.06,0.02,0.03,0.01,0.03,0.67,0.06,0.05,0.02,0.02,0.05,0.04,0.01,0.06,0.01,0.02,0.01,0.04,0.08,30.26,0.01,0.19,0.01,0.03,0.02,0.82,1.51,0.12,0.00,0.20,1.51,0.15,0.01,0.22,0.01,0.05,0.03,0.08,0.06
34,Parsa,1,Parsa 1,0.54,6.65,0.42,4.58,0.17,0.08,0.11,0.27,0.14,0.04,0.31,0.46,0.01,0.06,0.22,33.42,0.06,0.02,0.07,0.00,0.59,0.02,1.92,0.39,0.07,0.09,0.04,0.02,0.66,0.08,0.02,0.10,0.03,0.06,22.54,0.03,0.33,0.02,0.02,0.06,0.14,0.03,0.07,0.07,0.22,12.90,2.10,2.50,0.06,0.02,0.06,0.02,0.02,7.11
34,Parsa,2,Parsa 2,0.22,14.07,0.77,6.60,0.27,0.09,0.12,0.52,1.11,1.12,0.04,0.71,0.01,0.06,0.29,22.66,0.10,0.01,0.06,0.03,0.21,0.04,1.25,0.31,0.09,0.03,0.56,0.02,0.65,0.05,0.05,0.11,0.04,0.45,19.79,0.03,0.34,0.03,0.03,0.09,0.84,0.03,0.41,0.08,0.45,11.44,7.61,1.76,0.15,0.02,0.09,0.44,0.04,3.57
34,Parsa,3,Parsa 3,0.11,11.52,0.96,8.77,0.25,0.13,0.19,0.56,0.19,0.68,0.04,0.43,0.02,0.17,0.45,7.93,0.05,0.01,0.03,0.02,0.16,0.04,0.15,0.12,0.22,0.12,0.04,0.02,1.09,0.05,0.06,0.13,0.05,0.35,24.07,0.02,0.25,0.03,0.02,0.19,0.47,0.05,0.12,0.05,0.27,3.18,3.94,8.16,0.17,0.03,0.10,0.03,0.08,23.67
34,Parsa,4,Parsa 4,0.06,21.06,0.98,8.40,0.16,0.11,0.10,0.53,0.05,0.33,0.02,0.76,0.01,0.10,0.34,8.22,0.05,0.01,0.05,0.02,0.10,0.03,0.26,0.11,0.13,0.09,0.05,0.03,1.59,0.02,0.03,0.22,0.03,0.37,22.89,0.02,0.42,0.03,0.03,0.11,0.14,0.03,0.09,0.05,0.17,4.29,1.71,4.77,0.30,0.02,0.04,0.03,0.09,20.35
34,Parsa,5,Parsa 5,0.04,12.38,1.03,12.12,0.18,0.12,0.15,0.61,0.10,0.85,0.06,0.59,0.03,0.05,0.37,18.83,0.06,0.02,0.08,0.02,0.17,0.02,0.22,0.31,0.15,0.08,0.38,0.02,0.69,0.06,0.04,0.07,0.02,0.28,29.44,0.03,0.22,0.01,0.02,0.04,0.11,0.09,0.11,0.08,0.16,0.87,0.54,10.93,0.14,0.02,0.11,0.01,0.10,6.75
51,Parvat,1,Parvat 1,0.03,25.52,2.26,31.42,0.07,0.30,0.08,1.74,0.02,0.03,0.05,1.47,0.00,0.01,0.06,0.04,0.02,0.03,0.00,0.01,0.02,0.03,0.03,0.00,0.02,0.06,0.06,0.01,0.04,0.02,0.01,0.01,0.03,0.10,32.86,0.01,0.16,0.01,0.01,0.01,0.26,0.52,0.13,0.01,0.18,1.62,0.15,0.01,0.18,0.01,0.12,0.04,0.07,0.03
51,Parvat,2,Parvat 2,0.03,25.35,2.21,39.52,0.08,0.50,0.11,1.96,0.02,0.05,0.02,1.32,0.00,0.02,0.06,0.01,0.01,0.03,0.01,0.01,0.04,0.05,0.03,0.02,0.01,0.08,0.06,0.01,0.04,0.03,0.01,0.00,0.02,0.12,22.61,0.02,0.20,0.02,0.03,0.02,1.65,1.12,0.12,0.02,0.20,1.51,0.12,0.02,0.29,0.00,0.07,0.03,0.09,0.03
54,Pyuthan,1,Pyuthan 1,0.08,21.11,2.07,31.05,0.16,1.81,0.06,1.54,0.02,0.07,0.02,1.63,0.03,0.02,0.08,0.06,0.01,0.01,0.02,0.03,0.04,0.06,0.07,0.07,0.03,0.09,0.03,0.04,0.08,0.03,0.03,0.02,0.51,0.16,11.78,0.04,0.58,0.05,0.05,0.05,22.98,0.12,0.10,0.04,0.21,2.15,0.05,0.01,0.37,0.03,0.06,0.07,0.13,0.02
54,Pyuthan,2,Pyuthan 2,0.10,18.43,2.05,27.60,0.27,2.79,0.10,1.53,0.04,0.06,0.02,1.68,0.03,0.01,0.08,0.05,0.03,0.02,0.03,0.04,0.05,0.07,0.07,0.10,0.05,0.02,0.04,0.03,0.10,0.03,0.03,0.01,0.51,0.14,18.12,0.06,0.58,0.08,0.05,0.07,20.65,0.09,0.14,0.06,0.23,2.99,0.02,0.03,0.30,0.04,0.06,0.08,0.12,0.03
18,Ramechhap,1,Ramechhap 1,0.12,17.87,3.64,40.17,0.24,0.52,0.13,3.19,0.03,0.72,0.06,1.82,0.05,0.03,0.13,0.12,0.14,0.06,0.04,0.05,0.07,0.12,0.12,0.11,0.09,0.06,0.03,0.03,0.19,0.04,0.05,0.02,0.07,0.20,22.62,0.06,0.85,0.11,0.08,0.12,0.34,0.10,0.28,0.03,0.71,2.37,0.08,0.02,1.02,0.08,0.09,0.13,0.40,0.14
18,Ramechhap,2,Ramechhap 2,0.04,13.58,2.60,54.21,0.05,0.93,0.05,1.31,0.02,1.40,0.09,8.52,0.01,0.01,0.05,0.08,0.14,0.01,0.01,0.02,0.04,0.06,0.04,0.04,0.04,0.03,0.04,0.02,0.06,0.02,0.02,0.01,0.05,0.15,11.18,0.06,0.33,0.04,0.04,0.03,0.98,0.32,0.15,0.01,0.73,1.11,0.09,0.01,0.26,0.03,0.12,0.04,0.58,0.10
23,Rasuwa,1,Rasuwa 1,0.05,24.77,2.86,45.93,0.16,0.23,0.06,1.69,0.01,0.04,0.02,0.95,0.02,0.02,0.04,0.07,0.18,0.01,0.04,0.03,0.02,0.09,0.03,0.02,0.02,0.03,0.09,0.02,0.06,0.03,0.03,0.01,0.06,0.45,16.55,0.03,0.43,0.02,0.06,0.11,0.22,0.03,0.23,0.02,1.23,1.10,0.22,0.03,0.83,0.02,0.05,0.10,0.51,0.08
32,Rautahat,1,Rautahat 1,0.20,11.37,1.64,9.19,0.23,0.16,0.60,1.56,2.31,0.05,0.09,0.40,0.05,0.15,0.54,20.35,0.88,0.27,0.16,0.04,0.17,0.04,0.13,0.24,0.23,0.11,0.05,0.09,0.78,0.11,0.15,0.25,0.09,0.31,12.52,0.12,4.31,0.95,0.05,0.35,0.22,0.05,0.30,0.10,0.62,0.64,0.98,16.08,0.25,0.06,0.28,0.08,0.10,8.96
32,Rautahat,2,Rautahat 2,0.07,14.69,1.10,11.27,0.24,0.25,0.16,1.30,0.11,0.06,0.13,0.42,0.01,0.12,0.13,30.06,0.03,0.02,0.12,0.03,0.10,0.02,0.08,0.19,0.09,0.05,0.04,0.03,0.41,0.05,0.04,0.05,0.05,0.06,24.49,0.03,0.53,0.05,0.05,0.23,0.08,0.02,0.27,0.08,0.32,0.52,1.11,1.49,0.28,0.01,0.07,0.03,0.07,8.68
32,Rautahat,3,Rautahat 3,0.10,9.79,1.59,26.19,0.38,1.85,0.22,2.36,0.95,0.05,0.08,0.56,0.03,0.12,0.16,25.61,0.37,0.03,0.12,0.05,0.10,0.04,0.13,0.66,0.14,0.08,0.07,0.07,0.91,0.12,0.09,0.24,0.05,0.40,9.66,0.11,1.21,0.10,0.06,0.30,0.26,0.05,0.33,0.15,0.19,0.93,1.10,2.73,0.29,0.04,0.10,0.10,0.06,8.52
32,Rautahat,4,Rautahat 4,0.17,12.30,1.13,19.25,0.26,0.20,0.19,1.02,0.44,0.04,0.08,1.61,0.02,0.13,0.07,23.43,0.07,0.02,0.14,0.05,0.06,0.06,0.20,0.45,0.23,0.05,0.04,0.06,0.87,0.06,0.05,0.18,0.08,0.25,16.23,0.07,0.82,0.04,0.03,0.19,0.13,0.06,0.14,0.54,0.17,0.53,0.93,0.71,0.18,0.03,0.08,0.04,0.05,15.73
32,Rautahat,5,Rautahat 5,0.16,12.44,2.58,26.78,0.45,0.78,0.46,2.57,0.84,0.06,0.04,0.46,0.05,0.21,0.14,11.03,0.06,0.02,0.09,0.04,0.09,0.06,0.12,0.29,1.33,0.13,0.07,0.04,1.13,0.08,0.06,0.21,0.09,0.87,13.57,0.09,0.80,0.05,0.09,0.33,0.22,0.09,0.63,0.05,0.27,0.79,2.13,1.45,0.41,0.03,0.08,0.09,0.16,14.83
32,Rautahat,6,Rautahat 6,1.75,19.80,2.15,23.18,0.31,0.20,0.36,1.84,2.26,0.09,0.04,0.76,0.04,0.14,0.42,3.72,0.05,0.02,0.07,0.02,0.09,0.15,0.12,0.14,0.35,0.15,0.05,0.07,0.14,0.03,0.13,0.04,0.05,0.35,13.56,0.05,0.64,0.05,0.03,0.23,0.42,0.09,0.16,0.11,0.29,0.96,1.49,8.40,0.23,0.03,0.13,0.14,0.93,12.97
53,Rolpa,1,Rolpa 1,0.09,5.67,3.05,63.14,0.41,0.28,0.15,1.64,0.04,0.11,0.05,1.16,0.04,0.07,0.19,0.09,0.03,0.02,0.07,0.07,0.09,0.13,0.14,0.12,0.08,0.12,0.10,0.07,0.21,0.04,0.07,0.04,0.14,0.27,12.30,0.10,0.80,0.10,0.14,0.21,1.48,0.13,0.26,0.07,1.04,4.00,0.30,0.04,0.40,0.13,0.11,0.14,0.14,0.10
53,Rolpa,2,Rolpa 2,0.07,11.38,1.77,69.03,0.19,0.18,0.06,0.89,0.04,0.04,0.01,0.79,0.01,0.02,0.10,0.03,0.03,0.03,0.02,0.02,0.04,0.05,0.06,0.07,0.04,0.03,0.03,0.03,0.07,0.01,0.03,0.02,0.05,0.17,10.73,0.06,0.68,0.04,0.08,0.09,0.44,0.08,0.17,0.03,0.51,0.95,0.12,0.01,0.22,0.04,0.05,0.11,0.09,0.06
52,Rukum,1,Rukum 1,0.04,9.21,1.44,71.53,0.13,0.06,0.07,1.03,0.03,0.04,0.05,0.87,0.03,0.05,0.07,0.08,0.02,0.05,0.03,0.01,0.05,0.06,0.04,0.07,0.05,0.03,0.01,0.05,0.07,0.04,0.05,0.02,0.06,0.05,10.96,0.03,0.35,0.04,0.08,0.07,0.64,0.08,0.10,0.02,0.44,0.89,0.09,0.02,0.38,0.04,0.09,0.07,0.05,0.03
52,Rukum,2,Rukum 2,0.04,12.17,0.93,60.44,0.10,0.11,0.02,0.65,0.03,0.04,0.01,1.43,0.01,0.01,0.03,0.07,0.02,0.01,0.01,0.01,0.05,0.04,0.03,0.02,0.03,0.02,0.04,0.02,0.06,0.01,0.03,0.01,0.03,0.18,19.34,0.03,0.33,0.03,0.04,0.04,0.53,0.06,0.12,0.02,0.43,1.49,0.10,0.02,0.52,0.03,0.03,0.05,0.06,0.03
46,Rupandehi,1,Rupandehi 1,0.10,19.71,2.60,26.08,0.25,0.23,0.31,1.26,0.02,0.03,0.04,0.75,0.02,0.01,0.13,8.17,0.11,0.03,0.02,0.03,0.12,0.05,0.07,0.10,0.17,0.34,0.03,0.03,0.86,0.06,0.05,0.15,0.03,0.12,20.31,0.02,0.12,0.01,0.01,0.03,0.43,1.41,0.05,0.03,0.23,11.38,0.54,1.07,0.28,0.01,0.08,0.04,0.09,1.78
46,Rupandehi,2,Rupandehi 2,0.12,19.17,2.25,20.58,0.44,0.31,0.15,1.13,0.05,0.12,0.06,0.43,0.03,0.07,0.13,21.42,0.09,0.06,0.07,0.06,0.22,0.07,0.13,0.22,0.16,0.17,0.04,0.04,1.70,0.20,0.04,0.29,0.03,0.07,18.84,0.03,0.17,0.03,0.03,0.11,0.42,3.49,0.06,0.12,0.22,1.29,1.61,0.55,0.20,0.03,0.06,0.03,0.04,2.55
46,Rupandehi,3,Rupandehi 3,0.03,27.01,2.02,25.15,0.20,0.19,0.21,0.72,0.03,0.03,0.03,0.51,0.01,0.02,0.44,1.01,0.02,0.03,0.01,0.02,0.03,0.04,0.05,0.03,0.05,0.17,0.09,0.01,0.86,0.02,0.02,0.09,0.04,0.15,29.07,0.01,0.12,0.01,0.02,0.04,0.57,4.73,0.06,0.02,0.33,1.22,0.60,0.72,0.19,0.01,0.02,0.03,0.05,2.85
46,Rupandehi,4,Rupandehi 4,0.02,29.91,2.27,30.84,0.08,0.25,0.25,0.89,0.01,0.02,0.02,0.41,0.01,0.01,0.05,0.23,0.01,0.02,0.00,0.01,0.15,0.07,0.01,0.03,0.02,0.41,0.01,0.00,0.62,0.02,0.01,0.06,0.01,0.09,25.10,0.01,0.07,0.01,0.01,0.03,0.64,4.41,0.03,0.00,0.31,0.89,0.71,0.42,0.11,0.00,0.03,0.02,0.05,0.31
46,Rupandehi,5,Rupandehi 5,0.12,22.70,1.97,23.82,0.22,1.59,0.19,0.90,0.07,0.04,0.03,0.37,0.02,0.03,0.14,8.96,0.03,0.02,0.05,0.03,0.18,0.07,0.09,0.14,0.20,0.22,0.12,0.03,5.43,0.04,0.04,0.69,0.04,0.22,18.23,0.04,0.22,0.03,0.02,0.06,1.08,6.17,0.06,0.05,0.37,0.85,0.17,2.82,0.17,0.02,0.10,0.06,0.10,0.58
46,Rupandehi,6,Rupandehi 6,0.19,3.77,1.50,7.76,0.46,0.53,0.23,1.09,0.06,0.07,0.06,0.36,0.05,0.29,0.11,28.14,0.09,0.04,0.11,0.04,0.38,0.05,0.35,0.79,0.51,0.16,0.06,0.05,5.56,0.10,0.06,0.89,0.06,0.08,13.55,0.14,0.16,0.09,0.10,0.55,0.11,0.16,0.13,0.10,0.51,2.04,3.02,2.13,0.17,0.06,0.10,0.10,0.07,22.70
46,Rupandehi,7,Rupandehi 7,0.17,5.80,1.44,10.31,0.48,0.22,0.27,0.93,0.07,0.13,0.07,0.33,0.05,0.12,0.32,22.21,0.09,0.03,0.12,0.04,0.33,0.06,0.35,0.28,0.60,0.14,0.04,0.05,9.65,0.07,0.08,1.20,0.05,0.07,11.54,0.05,0.18,0.07,0.08,0.42,0.12,0.11,0.10,0.06,0.38,3.46,1.86,8.25,0.22,0.04,0.11,0.04,0.07,16.71
55,Salyan,1,Salyan 1,0.11,18.80,1.60,51.08,0.33,0.34,0.08,1.87,0.05,0.08,0.02,1.37,0.03,0.03,0.15,0.10,0.04,0.03,0.05,0.05,0.10,0.15,0.10,0.08,0.08,0.10,0.05,0.05,0.17,0.03,0.06,0.02,0.07,0.21,16.25,0.03,0.37,0.08,0.06,0.07,0.93,0.11,0.19,0.05,0.42,2.97,0.05,0.02,0.40,0.06,0.06,0.15,0.20,0.06
55,Salyan,2,Salyan 2,0.06,26.02,2.85,35.74,0.41,0.39,0.11,2.17,0.05,0.06,0.03,0.99,0.02,0.02,0.10,0.10,0.08,0.05,0.03,0.10,0.05,0.10,0.09,0.09,0.06,0.07,0.06,0.05,0.10,0.02,0.06,0.03,0.05,0.12,22.18,0.05,0.44,0.05,0.06,0.10,0.38,0.28,0.17,0.04,0.55,4.48,0.15,0.02,0.30,0.03,0.05,0.08,0.18,0.06
5,Sankhuwasabha,1,Sankhuwasabha 1,0.05,28.07,2.71,35.33,0.12,0.61,0.07,2.31,0.01,0.13,0.03,0.95,0.03,0.01,0.06,0.09,0.22,0.07,0.02,0.02,0.05,0.06,0.06,0.05,0.02,0.19,0.18,0.05,0.05,0.04,0.02,0.02,0.06,0.07,23.17,0.03,0.60,0.03,0.07,0.08,0.14,0.85,0.13,0.03,0.44,1.83,0.03,0.00,0.25,0.04,0.08,0.07,0.27,0.03
5,Sankhuwasabha,2,Sankhuwasabha 2,0.05,32.93,3.19,27.92,0.09,0.82,0.04,2.66,0.02,0.35,0.04,0.95,0.01,0.01,0.07,0.07,0.02,0.06,0.02,0.01,0.11,0.05,0.05,0.04,0.07,0.75,0.03,0.03,0.11,0.04,0.04,0.02,0.02,0.09,24.25,0.05,0.66,0.02,0.06,0.04,0.11,0.55,0.11,0.01,1.68,0.66,0.04,0.03,0.35,0.04,0.09,0.05,0.33,0.05
15,Saptari,1,Saptari 1,1.90,12.86,2.41,16.98,0.73,0.24,1.46,1.87,2.50,6.29,0.13,5.74,0.03,0.08,0.32,18.87,0.11,0.48,0.11,0.05,0.20,0.12,0.15,0.40,6.50,0.14,0.04,0.06,0.73,0.09,0.09,0.22,0.10,0.20,6.70,0.80,0.38,0.03,0.04,0.08,0.17,0.08,0.13,1.22,0.31,1.22,0.95,1.41,0.41,0.03,0.38,0.05,0.11,3.31
15,Saptari,2,Saptari 2,0.17,7.24,1.74,8.53,0.61,0.17,0.53,1.17,4.08,0.05,0.04,1.29,0.03,0.10,1.70,22.04,0.14,0.15,0.11,0.02,0.22,0.06,0.45,0.46,0.34,0.11,0.11,0.04,3.98,0.09,0.19,0.75,0.09,1.25,8.43,0.15,0.33,0.05,0.02,0.22,0.19,0.05,0.17,3.97,0.62,1.02,2.40,11.73,0.15,0.22,0.16,0.06,0.08,11.91
15,Saptari,3,Saptari 3,0.18,5.79,1.59,8.01,0.36,0.68,0.39,0.93,3.32,0.13,0.09,0.67,0.03,0.07,1.44,19.70,0.12,0.39,0.10,0.02,0.28,0.04,0.11,0.16,3.75,0.15,0.21,0.05,1.83,0.05,0.14,0.35,0.07,0.64,14.28,0.06,0.25,0.03,0.06,0.10,0.19,0.05,0.14,2.16,0.48,2.02,1.22,13.03,0.17,0.10,0.12,0.05,0.06,13.61
15,Saptari,4,Saptari 4,0.07,9.38,0.88,6.13,0.41,0.57,0.73,0.77,3.67,2.37,0.06,1.13,0.01,0.07,0.29,26.25,0.06,0.06,0.08,0.04,0.10,0.05,0.36,0.28,0.93,0.05,0.16,0.02,11.39,0.23,0.16,0.99,0.07,0.41,11.44,0.05,0.26,0.03,0.04,0.06,0.39,0.11,0.12,0.20,0.73,0.71,0.64,10.04,0.93,0.12,0.10,0.02,0.05,5.74
15,Saptari,5,Saptari 5,1.29,14.18,1.66,12.56,1.08,1.82,0.19,1.99,6.25,3.70,0.08,2.27,0.04,0.07,0.37,12.98,0.21,0.26,0.09,0.09,0.21,0.08,1.47,0.37,11.21,0.13,0.10,0.04,2.35,0.05,0.48,0.53,0.31,0.68,9.56,0.69,0.38,0.08,0.04,0.09,0.51,0.08,0.13,0.14,0.29,1.88,0.72,1.28,0.60,0.05,0.20,0.06,0.20,3.81
15,Saptari,6,Saptari 6,0.23,9.75,1.10,5.19,0.47,0.26,0.23,1.04,6.66,4.60,0.05,0.90,0.02,0.06,0.30,32.29,0.09,0.04,0.12,0.03,0.16,0.02,0.19,0.62,4.64,0.10,0.07,0.05,0.99,0.06,0.24,0.34,0.11,0.51,7.28,0.29,0.33,0.07,0.04,0.11,0.30,0.08,0.16,0.18,0.70,6.68,0.85,3.21,1.76,0.50,0.15,0.08,0.06,5.63
22,Sarlahi,1,Sarlahi 1,4.96,22.16,2.42,22.29,0.21,0.33,0.28,1.43,0.10,0.10,0.03,2.77,0.03,0.10,0.36,1.82,0.06,0.04,0.04,0.03,0.10,0.09,0.13,0.10,0.15,1.32,0.04,0.03,0.20,0.04,0.06,0.04,0.04,0.30,12.46,0.04,0.74,0.02,0.02,0.15,0.17,0.12,0.18,0.97,0.35,0.71,3.50,5.75,0.32,0.03,0.21,0.06,0.19,11.79
22,Sarlahi,2,Sarlahi 2,11.90,14.43,1.63,11.62,0.16,0.30,0.22,0.74,5.31,0.19,0.02,4.53,0.02,0.06,0.57,6.04,0.05,0.02,0.10,0.05,0.09,0.07,0.08,0.14,0.19,2.00,0.04,0.03,0.25,0.06,0.16,0.08,0.05,0.33,7.52,0.06,0.48,0.02,0.03,0.09,0.30,0.03,0.14,2.13,2.90,2.86,0.64,10.52,0.14,0.02,0.33,0.03,0.25,10.00
22,Sarlahi,3,Sarlahi 3,6.69,16.15,1.46,14.57,0.12,1.58,0.21,0.89,5.35,0.03,0.02,3.79,0.02,0.12,0.40,3.95,0.06,0.02,0.04,0.02,0.08,0.06,0.10,0.11,0.20,1.15,0.10,0.02,0.20,0.07,0.22,0.06,0.05,1.32,8.71,0.04,0.36,0.04,0.04,0.16,0.20,0.03,0.18,0.55,0.15,0.95,1.56,8.56,0.31,0.03,0.31,0.05,0.14,18.39
22,Sarlahi,4,Sarlahi 4,0.37,9.46,0.64,3.99,0.24,0.10,0.51,0.49,1.28,0.02,0.04,0.73,0.06,0.23,1.21,13.74,0.08,0.20,0.10,0.02,0.11,0.03,0.11,0.18,0.28,0.25,0.03,0.03,0.25,0.03,0.13,0.09,0.04,0.24,9.03,0.07,0.39,0.05,0.06,0.24,0.10,0.06,0.13,0.73,4.91,0.72,1.45,30.17,0.13,0.11,0.28,0.02,0.07,15.93
22,Sarlahi,5,Sarlahi 5,0.04,3.13,0.51,4.24,0.19,0.09,0.33,0.31,1.39,0.08,0.08,0.35,0.04,0.09,0.34,17.94,0.03,0.40,0.11,0.01,0.06,0.03,0.16,0.18,0.18,0.11,0.04,0.02,0.26,0.11,0.11,0.07,0.03,0.56,11.12,0.02,0.23,0.04,0.01,0.62,0.07,0.06,0.07,0.05,1.43,2.52,2.01,23.28,0.06,0.03,0.16,0.01,0.02,26.55
22,Sarlahi,6,Sarlahi 6,0.07,6.42,0.17,0.87,0.08,0.09,0.11,0.31,0.18,0.03,0.05,0.27,0.04,0.17,0.33,25.59,0.03,0.03,0.40,0.04,0.10,0.17,0.17,0.18,0.09,2.21,0.05,0.03,1.47,0.06,0.04,0.26,0.01,0.12,15.99,0.09,8.44,0.04,0.05,0.26,0.04,0.01,0.31,0.90,0.13,0.73,2.48,3.76,0.09,0.04,0.05,0.03,0.03,26.30
19,Sindhuli,1,Sindhuli 1,0.12,31.87,2.86,30.80,0.12,0.45,0.15,2.22,0.03,0.13,0.05,1.09,0.04,0.01,0.69,0.20,0.04,0.04,0.01,0.03,0.05,0.08,0.05,0.06,0.04,0.04,0.05,0.03,0.09,0.03,0.03,0.02,0.02,0.11,24.44,0.03,0.72,0.05,0.07,0.07,0.21,0.11,0.16,0.03,0.67,0.66,0.11,0.04,0.35,0.05,0.06,0.06,0.31,0.17
19,Sindhuli,2,Sindhuli 2,0.10,24.23,4.05,37.54,0.15,0.45,0.90,1.94,0.02,0.54,0.04,1.53,0.02,0.01,0.06,0.15,0.08,0.04,0.02,0.03,0.10,0.11,0.04,0.05,0.06,0.20,0.59,0.04,0.08,0.04,0.03,0.02,0.04,0.11,22.50,0.04,0.47,0.03,0.06,0.04,0.27,0.10,0.20,0.02,0.80,0.96,0.16,0.02,0.42,0.01,0.05,0.06,0.17,0.18
19,Sindhuli,3,Sindhuli 3,0.14,16.16,4.15,41.30,0.06,1.48,0.10,2.60,0.05,0.21,0.03,10.07,0.04,0.01,0.02,0.16,0.02,0.03,0.03,0.03,0.03,0.04,0.04,0.07,0.03,0.29,0.06,0.04,0.12,0.05,0.02,0.03,0.06,0.14,18.59,0.04,0.53,0.05,0.07,0.04,0.49,0.07,0.25,0.01,0.56,0.46,0.05,0.04,0.39,0.02,0.24,0.09,0.14,0.12
30,Sindhupalchok,1,Sindhupalchok 1,0.05,23.98,3.62,39.40,0.13,0.41,0.10,2.19,0.02,0.29,0.02,1.04,0.03,0.01,0.06,0.07,0.09,0.05,0.03,0.02,0.10,0.10,0.04,0.02,0.04,0.20,0.06,0.02,0.08,0.04,0.04,0.03,0.06,0.56,13.22,0.03,0.41,0.04,0.04,0.03,0.44,0.08,0.16,0.02,1.69,9.72,0.08,0.02,0.32,0.04,0.12,0.05,0.45,0.06
30,Sindhupalchok,2,Sindhupalchok 2,0.03,19.32,3.26,53.62,0.13,0.21,0.16,1.67,0.07,0.06,0.04,0.72,0.01,0.01,0.04,0.09,0.01,0.33,0.31,0.01,0.06,0.07,0.04,0.02,0.02,0.05,0.06,0.02,0.06,0.03,0.02,0.01,0.04,0.26,10.46,0.02,0.40,0.01,0.03,0.04,0.34,0.09,0.19,0.02,1.57,5.05,0.11,0.01,0.24,0.02,0.05,0.04,0.38,0.06
30,Sindhupalchok,3,Sindhupalchok 3,0.04,29.33,1.78,28.75,0.22,0.39,0.06,1.25,0.01,0.07,0.01,0.80,0.01,0.01,0.05,0.10,0.46,0.06,0.03,0.02,0.04,0.06,0.06,0.02,0.02,0.04,0.08,0.04,0.07,0.02,0.03,0.01,0.04,0.12,14.74,0.02,0.42,0.04,0.02,0.05,0.30,0.05,0.13,0.03,0.26,19.15,0.08,0.01,0.21,0.03,0.04,0.05,0.19,0.05
16,Siraha,1,Siraha 1,1.42,15.38,1.81,9.12,0.37,0.22,0.92,1.19,4.96,6.54,0.06,2.73,0.03,0.04,0.32,21.00,0.06,0.04,0.08,0.04,0.11,0.03,0.04,0.19,0.32,0.05,0.06,0.03,0.74,0.05,0.25,0.22,0.22,0.24,15.99,0.05,0.43,0.05,0.04,0.04,0.29,0.04,0.12,0.11,0.42,5.77,0.17,6.10,0.24,0.02,0.32,0.03,0.09,0.80
16,Siraha,2,Siraha 2,0.16,16.92,1.87,8.88,0.49,0.25,0.54,1.47,4.07,0.94,0.07,0.54,0.02,0.09,0.30,34.74,0.15,0.09,0.11,0.03,0.09,0.05,0.09,0.58,0.09,0.03,0.08,0.05,1.43,0.07,0.26,0.52,0.14,0.41,14.55,0.11,1.18,0.06,0.05,0.13,0.24,0.05,0.14,0.23,1.69,1.15,0.64,0.29,0.21,0.04,0.07,0.04,0.10,3.42
16,Siraha,3,Siraha 3,0.13,16.79,0.95,6.29,0.30,0.23,2.42,0.74,0.43,0.05,0.06,2.78,0.05,0.07,0.11,31.52,0.12,0.10,0.30,0.03,0.11,0.04,0.12,0.34,0.08,0.06,0.03,0.07,1.94,0.12,0.06,0.39,0.08,0.12,20.34,0.06,0.34,0.03,0.04,0.11,0.09,0.07,0.08,0.15,0.71,4.49,0.71,1.26,0.50,0.04,0.10,0.03,0.10,3.72
16,Siraha,4,Siraha 4,0.73,20.51,1.11,7.48,0.28,1.24,0.64,0.63,0.52,3.62,0.08,11.16,0.03,0.04,0.26,23.76,0.06,0.18,0.11,0.03,0.07,0.04,0.09,0.43,0.10,0.04,0.05,0.07,0.98,0.06,0.08,0.35,0.23,0.13,13.23,0.09,0.52,0.08,0.03,0.09,0.10,0.05,0.12,0.32,0.67,1.51,0.49,3.44,0.37,0.04,0.46,0.03,0.13,3.02
16,Siraha,5,Siraha 5,0.40,16.27,2.52,27.89,0.22,3.26,0.14,1.90,1.34,0.13,0.04,11.65,0.03,0.05,0.12,7.59,0.05,0.03,0.05,0.07,0.05,0.05,0.12,0.16,0.04,0.05,0.06,0.04,0.54,0.03,0.10,0.14,0.04,0.11,7.67,0.41,0.44,0.02,0.03,0.20,0.38,0.07,0.19,0.30,1.80,3.06,0.92,0.82,0.32,0.03,0.38,0.05,0.16,7.44
16,Siraha,6,Siraha 6,0.16,9.12,2.32,17.23,0.74,0.50,0.45,2.08,2.92,0.06,0.08,1.68,0.03,0.12,0.14,31.00,0.08,0.05,0.15,0.03,0.09,0.06,0.16,0.54,0.07,0.07,0.06,0.05,1.50,0.07,0.20,0.55,0.08,0.21,10.57,0.44,0.43,0.06,0.05,0.16,0.29,0.07,0.17,0.20,2.18,6.29,0.91,0.36,0.34,0.04,0.13,0.06,0.06,4.54
11,Solukhumbu,1,Solukhumbu 1,0.19,20.08,4.22,35.95,0.26,0.68,0.08,2.98,0.05,0.11,0.05,2.55,0.03,0.02,0.12,0.13,0.75,0.06,0.04,0.05,0.07,0.07,0.09,0.05,0.05,0.62,0.20,0.04,0.11,0.14,0.04,0.04,0.11,0.15,24.66,0.07,0.77,0.07,0.12,0.11,0.20,0.13,0.28,0.04,0.57,1.27,0.14,0.03,0.40,0.04,0.12,0.13,0.57,0.10
10,Sunsari,1,Sunsari 1,0.05,23.90,3.08,40.41,0.11,0.63,0.07,1.97,0.12,0.92,0.04,0.56,0.21,0.01,0.08,0.29,0.07,0.07,0.01,0.01,1.61,0.11,0.02,0.04,0.11,0.47,0.05,0.03,0.07,0.02,0.05,0.02,0.67,0.06,15.19,0.01,0.21,0.03,0.03,0.04,0.29,2.09,0.12,0.01,0.53,3.52,0.78,0.44,0.18,0.01,0.09,0.04,0.36,0.09
10,Sunsari,2,Sunsari 2,0.07,32.48,2.68,24.02,0.25,0.26,0.14,1.19,0.05,0.26,0.06,0.94,0.16,0.03,0.07,2.94,0.02,0.03,0.03,0.03,0.23,0.05,0.06,0.08,1.01,0.31,0.04,0.03,0.07,0.01,0.05,0.03,0.26,0.09,18.22,0.01,0.54,0.01,0.01,0.03,0.16,0.47,0.10,0.02,1.21,9.45,0.69,0.17,0.24,0.02,0.07,0.03,0.46,0.05
10,Sunsari,3,Sunsari 3,0.13,13.28,1.91,11.04,0.34,0.21,0.22,0.78,0.15,0.05,0.12,0.56,0.04,0.05,0.11,38.44,0.11,0.03,0.10,0.02,0.21,0.04,0.12,0.66,1.57,0.16,0.07,0.05,0.89,0.11,0.03,0.32,0.03,0.05,19.32,0.13,0.57,0.05,0.04,0.05,0.05,2.10,0.09,0.08,1.65,2.20,0.24,0.76,0.22,0.02,0.11,0.03,0.06,0.24
10,Sunsari,4,Sunsari 4,0.37,16.65,1.25,10.06,0.31,0.22,0.11,0.69,0.11,0.08,0.06,0.47,0.05,0.06,0.32,39.55,0.08,0.03,0.15,0.03,0.09,0.04,0.50,0.23,0.70,0.04,0.22,0.03,0.75,0.11,0.05,0.22,0.03,0.07,19.14,0.07,0.75,0.03,0.03,0.04,0.08,0.07,0.13,0.27,2.02,1.84,0.50,0.69,0.16,0.05,0.07,0.04,0.14,0.15
10,Sunsari,5,Sunsari 5,0.07,18.46,0.44,2.13,0.21,0.14,0.08,0.24,0.12,0.04,0.06,0.47,0.03,0.07,0.28,48.86,0.13,0.02,0.19,0.02,0.07,0.04,0.60,0.24,0.07,0.02,0.04,0.04,0.60,0.09,0.02,0.19,0.03,0.07,19.95,0.07,0.68,0.04,0.03,0.04,0.04,0.51,0.11,0.10,1.29,1.75,0.13,0.60,0.11,0.03,0.05,0.02,0.18,0.09
10,Sunsari,6,Sunsari 6,0.09,33.49,2.24,24.93,0.21,0.27,2.11,1.63,0.04,0.73,0.03,0.68,0.06,0.04,0.15,6.45,0.03,0.06,0.06,0.02,0.07,0.05,0.07,0.13,0.09,0.08,0.07,0.02,0.26,0.03,0.03,0.06,0.05,0.13,19.05,0.04,0.68,0.02,0.03,0.04,0.16,0.66,0.16,0.02,0.79,1.24,1.06,0.51,0.27,0.02,0.04,0.03,0.67,0.07
64,Surkhet,1,Surkhet 1,0.02,38.75,0.90,27.28,0.11,0.13,0.03,0.84,0.01,0.02,0.01,0.56,0.00,0.01,0.10,0.04,0.01,0.01,0.01,0.01,0.02,0.01,0.01,0.03,0.02,0.29,0.02,0.01,0.04,0.01,0.02,0.02,0.01,0.08,27.84,0.04,0.56,0.04,0.05,0.01,0.25,0.12,0.10,0.01,0.23,0.87,0.08,0.00,0.14,0.02,0.04,0.04,0.08,0.03
64,Surkhet,2,Surkhet 2,0.03,30.46,1.58,32.33,0.13,0.13,0.04,1.05,0.01,0.03,0.09,0.66,0.01,0.01,0.18,0.06,0.01,0.04,0.01,0.02,0.03,0.04,0.01,0.02,0.02,0.38,0.03,0.01,0.03,0.01,0.02,0.01,0.03,0.45,27.43,0.01,0.24,0.02,0.03,0.02,1.18,0.38,0.09,0.01,0.43,1.06,0.30,0.00,0.46,0.02,0.18,0.02,0.06,0.05
64,Surkhet,3,Surkhet 3,0.04,25.14,1.98,39.06,0.22,0.19,0.03,1.91,0.02,0.05,0.05,0.80,0.01,0.02,0.26,0.05,0.01,0.08,0.01,0.03,0.04,0.06,0.02,0.03,0.01,0.29,0.07,0.04,0.06,0.01,0.03,0.02,0.03,0.46,19.16,0.03,0.34,0.04,0.05,0.03,1.31,1.83,0.16,0.01,0.63,4.28,0.09,0.02,0.52,0.03,0.18,0.06,0.08,0.04
41,Syangja,1,Syangja 1,0.02,33.11,1.86,26.58,0.08,0.23,0.09,1.74,0.04,0.04,0.02,0.67,0.00,0.01,0.03,0.02,0.01,0.03,0.01,0.01,0.04,0.05,0.03,0.02,0.02,0.07,0.06,0.02,0.04,0.01,0.03,0.01,0.05,0.05,30.66,0.01,0.29,0.02,0.03,0.03,0.29,0.29,0.11,0.01,1.28,0.85,0.40,0.02,0.36,0.02,0.05,0.04,0.12,0.06
41,Syangja,2,Syangja 2,0.04,24.90,2.77,25.59,0.14,0.27,0.18,2.22,0.01,0.05,0.04,1.17,0.01,0.01,0.06,0.03,0.01,0.03,0.02,0.02,0.04,0.05,0.08,0.04,0.05,0.04,0.04,0.05,0.06,0.02,0.02,0.02,0.05,0.06,36.46,0.03,0.36,0.03,0.05,0.08,0.81,0.86,0.09,0.01,0.90,1.29,0.11,0.01,0.41,0.03,0.07,0.09,0.07,0.05
41,Syangja,3,Syangja 3,0.05,32.24,1.76,22.03,0.08,0.17,0.73,1.67,0.02,0.04,0.03,0.77,0.01,0.01,0.03,0.02,0.00,0.02,0.02,0.02,0.02,0.02,0.06,0.02,0.02,0.08,0.05,0.03,0.02,0.02,0.01,0.02,0.04,0.05,34.24,0.02,0.28,0.02,0.03,0.02,0.66,2.82,0.07,0.01,0.44,0.64,0.12,0.01,0.24,0.02,0.05,0.04,0.08,0.03
40,Tanahu,1,Tanahu 1,0.05,22.23,4.82,34.07,0.12,0.26,0.13,3.48,0.06,0.10,0.03,2.72,0.02,0.01,0.07,0.04,0.03,0.04,0.02,0.02,0.06,0.07,0.06,0.08,0.06,0.53,0.04,0.03,0.10,0.03,0.17,0.02,0.07,0.10,24.36,0.04,0.48,0.06,0.06,0.07,0.23,1.15,0.18,0.02,0.75,1.65,0.15,0.02,0.44,0.04,0.16,0.07,0.24,0.07
40,Tanahu,2,Tanahu 2,0.07,18.56,2.82,24.13,0.13,0.21,0.05,2.53,0.05,0.07,0.06,1.45,0.01,0.02,0.09,0.04,0.02,0.03,0.02,0.04,0.05,0.07,0.06,0.06,0.04,0.27,0.18,0.07,0.06,0.04,0.05,0.02,0.05,0.14,39.51,0.03,0.27,0.03,0.04,0.04,0.27,4.93,0.12,0.01,1.04,1.12,0.40,0.02,0.31,0.03,0.09,0.05,0.10,0.05
40,Tanahu,3,Tanahu 3,0.03,31.97,2.18,24.27,0.12,0.23,0.07,2.10,0.05,0.05,0.03,1.04,0.01,0.01,0.05,0.05,0.01,0.03,0.01,0.02,0.02,0.04,0.07,0.01,0.04,0.20,0.09,0.03,0.07,0.02,0.03,0.02,0.04,0.06,29.14,0.03,0.39,0.03,0.02,0.04,0.13,4.70,0.12,0.01,0.41,1.09,0.11,0.01,0.41,0.01,0.07,0.08,0.10,0.04
1,Taplejung,1,Taplejung 1,0.05,24.46,2.20,26.06,0.12,0.22,0.05,1.24,0.01,11.03,0.02,0.92,0.01,0.02,0.06,0.25,0.04,0.03,0.00,0.01,0.03,0.02,0.03,0.03,0.12,0.04,0.04,0.02,0.03,0.01,0.01,0.01,0.02,0.02,27.26,0.02,0.38,0.03,0.05,0.05,0.09,0.91,0.07,0.01,0.75,1.01,1.63,0.01,0.19,0.01,0.05,0.05,0.10,0.11
1,Taplejung,2,Taplejung 2,0.03,30.99,3.33,26.69,0.28,0.37,0.02,2.26,0.04,6.94,0.04,1.49,0.01,0.00,0.04,0.19,0.01,0.09,0.02,0.04,0.05,0.03,0.06,0.07,0.10,0.03,0.05,0.03,0.11,0.03,0.04,0.02,0.04,0.06,19.14,0.07,0.84,0.02,0.06,0.12,0.10,1.01,0.13,0.02,0.36,3.57,0.18,0.00,0.35,0.02,0.11,0.08,0.20,0.05
6,Tehrathum,1,Tehrathum 1,0.05,29.15,2.54,19.91,0.07,0.38,0.03,1.56,0.01,6.51,0.03,0.67,0.01,0.01,0.03,0.18,0.03,0.03,0.00,0.01,0.02,0.02,0.04,0.02,0.03,0.36,0.02,0.01,0.03,0.01,0.02,0.01,0.04,0.03,33.27,0.01,0.30,0.02,0.01,0.02,0.13,0.48,0.05,0.00,0.63,2.33,0.32,0.02,0.24,0.02,0.04,0.04,0.10,0.07
14,Udaypur,1,Udaypur 1,0.19,22.65,2.86,32.12,0.07,0.17,1.41,1.88,0.02,0.89,0.05,0.97,0.04,0.01,0.03,0.42,0.02,0.04,0.29,0.03,0.04,0.21,0.03,0.02,3.29,0.55,0.02,0.02,0.06,0.01,0.02,0.02,0.10,0.05,28.49,0.02,0.38,0.01,0.02,0.02,0.14,0.09,0.09,0.00,0.85,0.49,0.08,0.06,0.23,0.02,0.05,0.04,0.19,0.12
14,Udaypur,2,Udaypur 2,0.54,26.21,3.79,32.95,0.09,1.27,0.33,2.11,0.12,0.09,0.04,2.33,0.01,0.01,0.09,1.42,0.01,0.06,0.03,0.03,0.06,0.04,0.03,0.06,0.28,0.02,0.03,0.01,0.08,0.01,0.01,0.03,0.03,0.07,21.46,0.02,0.38,0.00,0.04,0.04,0.66,0.06,0.13,0.01,2.90,0.62,0.21,0.13,0.33,0.01,0.11,0.04,0.14,0.38
14,Udaypur,3,Udaypur 3,0.07,23.51,4.65,38.12,0.11,0.33,0.12,3.18,0.20,0.10,0.04,1.72,0.02,0.02,0.12,0.51,0.06,0.05,0.02,0.05,0.04,0.05,0.05,0.04,0.06,0.04,0.04,0.02,0.08,0.03,0.13,0.00,0.07,0.13,22.87,0.02,0.64,0.03,0.04,0.07,0.18,0.07,0.20,0.02,0.46,0.71,0.05,0.02,0.45,0.02,0.06,0.04,0.14,0.12
