Districtcode,Districtname_eng,Constituencynum,Constituencyname,cbrepn,cpnuml,cpnml,cpnm,cpnmx,cpnu,cpnum,cpnun,djp,fdnf,hdp,jn,jpn,lnsep,lkjpn,mprfn,mno,msnp,njm,npd,nrp,ndsm,njp,njvp,nlsd,npad,nrbp,nrld,nspa,nsap,nsad,nskp,nspl,nwpp,nc,ncn,njd,rep,rym,rbp,rj,rjp,rjad,rjadn,rjap,rpp,rppn,sap,spjpn,ssn,spn,sopn,tnrd,tmlp
68,Achham,1,Achham 1,0.0005,0.3886,0.0061,0.2904,0.0009,0.0008,0.0003,0.0034,0.0002,0.0004,0.0003,0.011,0.0001,0.0001,0.0003,0.0006,0.0001,0.0001,0.0001,0.0002,0.0004,0.0006,0.0004,0.0003,0.0003,0.0002,0.0002,0.0001,0.0005,0.0001,0.0003,0.0002,0.0004,0.001,0.2598,0.0003,0.0059,0.0003,0.0003,0.0002,0.0033,0.0002,0.0009,0.0001,0.0043,0.0093,0.0003,0,0.0026,0.0003,0.0002,0.0006,0.0011,0.0003
68,Achham,2,Achham 2,0.0008,0.2704,0.0753,0.3235,0.0019,0.0031,0.0009,0.0123,0.0002,0.0005,0.0004,0.0139,0.0002,0.0002,0.0008,0.0072,0.0002,0.0002,0.0002,0.0002,0.0005,0.0009,0.0008,0.0005,0.0002,0.0004,0.0006,0.0002,0.0007,0.0002,0.0005,0.0004,0.0005,0.0077,0.21,0.0007,0.0083,0.0003,0.0006,0.0009,0.0027,0.0005,0.0019,0.0002,0.009,0.0232,0.0062,0.0002,0.0038,0.0003,0.0011,0.0011,0.0016,0.001
44,Arghakhanchi,1,Arghakhanchi 1,0.0007,0.1985,0.0174,0.3554,0.0008,0.0118,0.0012,0.013,0.0003,0.0005,0.0002,0.0063,0.0001,0.0001,0.0004,0.0003,0.0001,0.0004,0.0001,0.0003,0.0003,0.0005,0.0006,0.0004,0.0004,0.0002,0.0001,0.0002,0.0005,0.0001,0.0004,0,0.0027,0.0008,0.2164,0.0002,0.0033,0.0002,0.0004,0.0003,0.1498,0.0005,0.0005,0.0001,0.0025,0.0052,0.0005,0.0001,0.0027,0.0002,0.0002,0.0005,0.0007,0.0003
44,Arghakhanchi,2,Arghakhanchi 2,0.0005,0.2948,0.0191,0.2544,0.0008,0.0027,0.0003,0.0119,0.0002,0.0005,0.0004,0.0065,0.0001,0.0001,0.0044,0.0002,0,0.0003,0,0.0002,0.0002,0.0003,0.0002,0.0003,0.0002,0.001,0.0003,0.0001,0.0003,0.0001,0.0002,0.0001,0.0008,0.0014,0.3372,0.0002,0.003,0.0001,0.0002,0.0002,0.0412,0.001,0.0006,0.0001,0.0031,0.0046,0.001,0.0002,0.0019,0.0002,0.0003,0.0004,0.0017,0.0004
50,Baglung,1,Baglung 1,0.0005,0.2792,0.0229,0.3047,0.0005,0.0304,0.0002,0.0088,0,0.0003,0.0002,0.006,0,0.0001,0.0002,0.0002,0.0001,0.0004,0,0.0001,0.0007,0.0002,0.0001,0.0005,0.0003,0.0005,0.0006,0.0002,0.0001,0.0003,0.0001,0,0.0012,0.0004,0.2472,0.0003,0.0023,0.0001,0.0002,0.0001,0.0619,0.0095,0.0006,0,0.0028,0.0052,0.0062,0.0001,0.0017,0.0001,0.0003,0.0003,0.0005,0.0004
50,Baglung,2,Baglung 2,0.003,0.0856,0.0159,0.1998,0.0005,0.1027,0.0003,0.0081,0.0002,0.0007,0.0001,0.0063,0.0001,0.0001,0.0004,0.0003,0.0002,0.0002,0.0001,0.0003,0.0003,0.0002,0.0004,0.0008,0.0004,0.0003,0.0003,0.0004,0.0002,0.0004,0.0002,0,0.0026,0.0006,0.2738,0.0002,0.0015,0.0002,0.0003,0.0002,0.2759,0.0015,0.0008,0.0001,0.0021,0.0049,0.0014,0.0001,0.0023,0.0002,0.0004,0.0005,0.0015,0.0003
50,Baglung,3,Baglung 3,0.0012,0.1515,0.0213,0.1879,0.0018,0.0326,0.0007,0.0211,0.0003,0.001,0.0002,0.011,0.0003,0.0003,0.0009,0.0006,0.0003,0.0002,0.0001,0.0009,0.0004,0.0007,0.0009,0.0012,0.0008,0.001,0.0006,0.0004,0.0008,0.0002,0.0003,0.0004,0.0085,0.002,0.2904,0.0005,0.0043,0.0003,0.0009,0.0005,0.2286,0.0017,0.0008,0.0003,0.0038,0.0043,0.0032,0.0003,0.0032,0.0006,0.0011,0.0011,0.0011,0.0007
73,Baitadi,1,Baitadi 1,0.0009,0.1513,0.0154,0.5536,0.0047,0.003,0.0008,0.021,0.0003,0.0006,0.0003,0.0109,0.0003,0.0002,0.001,0.0006,0.0002,0.0003,0.0002,0.0002,0.0005,0.0006,0.0009,0.001,0.0005,0.0003,0.0005,0.0006,0.0011,0.0005,0.0003,0.0003,0.0005,0.0013,0.1366,0.0006,0.0094,0.0007,0.0011,0.0015,0.0052,0.0007,0.0018,0.0004,0.0043,0.054,0.0009,0.0004,0.0036,0.0006,0.0009,0.0011,0.001,0.0004
73,Baitadi,2,Baitadi 2,0.0014,0.1403,0.0189,0.4486,0.0049,0.0027,0.0012,0.019,0.0021,0.0008,0.0007,0.012,0.0007,0.0002,0.0013,0.0011,0.0004,0.0008,0.0006,0.0007,0.001,0.0016,0.0013,0.0016,0.0011,0.0005,0.0014,0.0007,0.0019,0.0005,0.0048,0.0004,0.0034,0.0023,0.1989,0.0007,0.0048,0.0015,0.002,0.0012,0.0097,0.0018,0.0034,0.0004,0.0076,0.073,0.0027,0.0004,0.0047,0.0012,0.0011,0.0012,0.0023,0.0008
69,Bajhang,1,Bajhang 1,0.0007,0.3348,0.0108,0.3134,0.0013,0.0026,0.0009,0.0083,0.0005,0.0005,0.0001,0.0086,0.0001,0.0003,0.0006,0.0004,0.0001,0.0002,0.0001,0.0001,0.0004,0.0004,0.0008,0.0005,0.0002,0.0001,0.0004,0.0002,0.0007,0.0001,0.0002,0.0002,0.0004,0.0007,0.2621,0.0003,0.0074,0.0005,0.0007,0.0004,0.0046,0.0006,0.0017,0.0003,0.0119,0.0142,0.0008,0.0001,0.0024,0.0002,0.0003,0.0005,0.001,0.0007
69,Bajhang,2,Bajhang 2,0.0009,0.2572,0.0187,0.3808,0.0034,0.0047,0.0011,0.0154,0.0003,0.0008,0.0004,0.0174,0.0004,0.0003,0.002,0.0008,0.0005,0.0005,0.0004,0.0006,0.0006,0.0012,0.0011,0.0016,0.0007,0.0006,0.0007,0.0006,0.0019,0.0003,0.0005,0.0004,0.0007,0.0019,0.2125,0.001,0.0143,0.0008,0.0011,0.0014,0.0068,0.0014,0.0026,0.0006,0.0051,0.0218,0.0019,0.0001,0.0044,0.0006,0.0008,0.0014,0.0017,0.0007
67,Bajura,1,Bajura 1,0.0004,0.3342,0.0091,0.2297,0.002,0.0026,0.0006,0.0062,0.0002,0.0004,0.0002,0.0105,0.0002,0.0001,0.0006,0.0005,0.0001,0.0002,0.0002,0.0002,0.0003,0.0004,0.0005,0.0006,0.0003,0.0002,0.0002,0.0002,0.0005,0.0001,0.0002,0.0003,0.0004,0.0035,0.3543,0.0005,0.0087,0.0003,0.0007,0.0005,0.0016,0.0005,0.0011,0.0001,0.0036,0.016,0.0005,0.0001,0.003,0.0002,0.0003,0.0008,0.001,0.0005
65,Banke,1,Banke 1,0.0022,0.203,0.03,0.352,0.0076,0.0019,0.0017,0.0153,0.0004,0.0026,0.0004,0.0049,0.0003,0.0003,0.0007,0.0798,0.0011,0.0005,0.0002,0.0003,0.0038,0.0011,0.001,0.0014,0.0004,0.0019,0.0003,0.0001,0.0024,0.0004,0.0003,0.0008,0.0008,0.0026,0.1865,0.0006,0.0025,0.0002,0.0005,0.0005,0.0042,0.0015,0.0012,0.0008,0.0148,0.0542,0.0025,0.0011,0.003,0.0005,0.001,0.0006,0.0008,0.0006
65,Banke,2,Banke 2,0.0066,0.1145,0.0129,0.099,0.0072,0.0048,0.0025,0.0081,0.0012,0.001,0.0012,0.0069,0.0004,0.0012,0.0014,0.4149,0.002,0.0006,0.0016,0.001,0.0081,0.0011,0.01,0.0076,0.0017,0.0012,0.0005,0.0006,0.0121,0.0018,0.0009,0.0036,0.0014,0.0035,0.1061,0.0014,0.0052,0.0007,0.0011,0.0011,0.0052,0.0013,0.0016,0.0035,0.0111,0.0738,0.0126,0.0194,0.0041,0.0008,0.0017,0.0008,0.0014,0.0039
65,Banke,3,Banke 3,0.004,0.1033,0.0162,0.1645,0.0063,0.0044,0.0013,0.0076,0.0006,0.0008,0.001,0.0056,0.0002,0.0005,0.0016,0.3139,0.0014,0.0004,0.001,0.0006,0.0038,0.0005,0.0068,0.0086,0.0009,0.0012,0.0003,0.0002,0.0168,0.0014,0.0004,0.0035,0.0006,0.0021,0.1722,0.0013,0.0034,0.0004,0.0002,0.0008,0.0024,0.002,0.0007,0.0032,0.0028,0.0819,0.0153,0.0055,0.0029,0.0004,0.0008,0.0004,0.0013,0.0193
65,Banke,4,Banke 4,0.0011,0.2563,0.0194,0.3063,0.0052,0.002,0.0019,0.009,0.0003,0.0012,0.0002,0.0057,0.0002,0.0001,0.0039,0.0373,0.0004,0.0003,0.0002,0.0004,0.0027,0.0006,0.0004,0.0013,0.0028,0.0032,0.0003,0.0001,0.0021,0.0003,0.0004,0.0006,0.0008,0.0045,0.1744,0.0005,0.0046,0,0.0002,0.0002,0.0055,0.0026,0.0006,0.0006,0.0379,0.0155,0.0023,0.0729,0.0041,0.0001,0.002,0.0006,0.0015,0.0026
33,Bara,1,Bara 1,0.0006,0.1303,0.0235,0.1534,0.0025,0.0014,0.0038,0.0128,0.0008,0.0003,0.0009,0.0055,0.0003,0.0008,0.0047,0.2119,0.0007,0.0002,0.0025,0.0002,0.0017,0.0003,0.001,0.0016,0.0023,0.0008,0.0004,0.0003,0.025,0.0007,0.0006,0.0039,0.0005,0.0007,0.1343,0.0005,0.0073,0.0003,0.0005,0.0008,0.0055,0.0006,0.0045,0.0006,0.0011,0.0164,0.021,0.1443,0.0023,0.0002,0.0009,0.0023,0.0005,0.0591
33,Bara,2,Bara 2,0.0008,0.073,0.0109,0.1431,0.0021,0.0014,0.0009,0.0112,0.0011,0.0004,0.0005,0.0223,0.0004,0.0014,0.0004,0.3525,0.0007,0.0002,0.0015,0.0003,0.0016,0.0003,0.0013,0.0031,0.001,0.0006,0.0004,0.0003,0.0115,0.0008,0.0002,0.0023,0.0003,0.001,0.1545,0.0006,0.0035,0.0003,0.0066,0.0018,0.0014,0.0007,0.0046,0.001,0.0016,0.0107,0.0128,0.0106,0.0017,0.0002,0.0007,0.0025,0.0005,0.1336
33,Bara,3,Bara 3,0.0007,0.1312,0.0118,0.0707,0.0024,0.001,0.0023,0.0066,0.0019,0.0003,0.001,0.0032,0.0004,0.0013,0.0024,0.356,0.0009,0.0003,0.001,0.0003,0.0012,0.0001,0.0026,0.0047,0.0009,0.0011,0.0004,0.0003,0.0169,0.0009,0.0002,0.0033,0.0002,0.008,0.1209,0.0006,0.0092,0.0005,0.0006,0.0012,0.0162,0.0008,0.0292,0.0009,0.0134,0.0229,0.0143,0.0374,0.0012,0.0003,0.0007,0.0181,0.0005,0.0748
33,Bara,4,Bara 4,0.0006,0.1889,0.0098,0.1277,0.0012,0.0033,0.001,0.0094,0.0018,0.0004,0.0004,0.0043,0.0002,0.0009,0.0013,0.0828,0.0007,0.0001,0.0003,0.0002,0.0016,0.0003,0.0033,0.0015,0.0007,0.001,0.0007,0.0003,0.016,0.0002,0.0002,0.0031,0.0004,0.0072,0.1762,0.0003,0.0107,0.0003,0.0004,0.0019,0.0097,0.004,0.0661,0.0009,0.006,0.0081,0.0157,0.0226,0.0014,0.0002,0.001,0.0015,0.0008,0.2006
33,Bara,5,Bara 5,0.0021,0.3169,0.0106,0.1566,0.0013,0.0011,0.0008,0.0088,0.0004,0.0009,0.0002,0.0052,0.0002,0.0003,0.001,0.0967,0.0004,0.0002,0.0004,0.0004,0.0033,0.0007,0.0006,0.0006,0.0019,0.0004,0.0006,0.0003,0.0071,0.0002,0.0005,0.0016,0.0005,0.0016,0.2738,0.0003,0.0076,0.0002,0.0002,0.0004,0.0013,0.0121,0.0082,0.0003,0.0026,0.0117,0.0081,0.0221,0.002,0.0002,0.001,0.0027,0.0028,0.0178
33,Bara,6,Bara 6,0.0037,0.2948,0.0276,0.3293,0.0016,0.0021,0.0004,0.0127,0.0005,0.0005,0.0005,0.0055,0.0003,0.0008,0.0007,0.0529,0.0004,0.0011,0.0003,0.0005,0.0004,0.0021,0.0032,0.0004,0.0002,0.0007,0.001,0.0004,0.0029,0.0005,0.0003,0.0006,0.0003,0.003,0.1213,0.0002,0.006,0.0001,0.0003,0.0006,0.0089,0.0028,0.0058,0.0002,0.0043,0.0157,0.0145,0.0022,0.0023,0.0001,0.0005,0.0009,0.0281,0.0331
66,Bardiya,1,Bardiya 1,0.0005,0.2865,0.0254,0.4,0.0016,0.0015,0.001,0.013,0.0003,0.0005,0.0003,0.0086,0.0001,0.0002,0.0008,0.0253,0.0003,0.0001,0.0002,0.0003,0.0008,0.0005,0.0004,0.0005,0.0005,0.0042,0.0003,0.0003,0.0007,0.0002,0.0002,0.0003,0.0002,0.0021,0.1574,0.0003,0.0028,0.0001,0.0003,0.0003,0.0031,0.0015,0.0009,0.0004,0.0045,0.0371,0.0011,0.0021,0.0068,0.0003,0.0007,0.0004,0.0009,0.0018
66,Bardiya,2,Bardiya 2,0.0008,0.1197,0.0309,0.3934,0.0038,0.0013,0.0042,0.0167,0.0002,0.0005,0.0008,0.0053,0.0002,0.0003,0.0066,0.031,0.0003,0.0003,0.0003,0.0003,0.0012,0.0004,0.0008,0.0008,0.003,0.0022,0.0003,0.0003,0.0071,0.0004,0.0006,0.0008,0.0007,0.0022,0.1539,0.0003,0.0022,0.0003,0.0003,0.0005,0.0032,0.0008,0.0013,0.0003,0.0075,0.031,0.0105,0.1244,0.0039,0.0003,0.0013,0.0005,0.0013,0.0186
66,Bardiya,3,Bardiya 3,0.0004,0.1684,0.0243,0.53,0.0027,0.0006,0.0005,0.0114,0.0001,0.0007,0.0002,0.0048,0.0002,0.0002,0.0007,0.0006,0.0001,0.0002,0.0001,0.0002,0.0004,0.0007,0.0002,0.0004,0.0002,0.0013,0.0004,0.0001,0.0012,0.0001,0.0003,0.0002,0.0017,0.0007,0.1862,0.0005,0.0021,0.0001,0.0004,0.0001,0.0026,0.0014,0.0011,0.0001,0.003,0.034,0.0042,0.0011,0.0045,0,0.0023,0.0004,0.0009,0.0009
66,Bardiya,4,Bardiya 4,0.0006,0.1064,0.0331,0.5597,0.0023,0.0036,0.0005,0.019,0.0006,0.0008,0.0003,0.0089,0.0001,0.0002,0.0012,0.0081,0.0002,0.0004,0.0001,0.0004,0.0005,0.0007,0.0005,0.0005,0.0003,0.0021,0.0005,0.0001,0.0008,0.0002,0.001,0.0001,0.0004,0.0013,0.1728,0.0004,0.0016,0.0001,0.0004,0.0004,0.0051,0.0005,0.0021,0.0002,0.0031,0.0454,0.0006,0.0006,0.0082,0.0002,0.0007,0.0005,0.0009,0.0009
27,Bhaktapur,1,Bhaktapur 1,0.0002,0.1327,0.0155,0.2254,0.0011,0.0013,0.0005,0.0082,0.0004,0.0007,0.0001,0.0078,0.0001,0.0002,0.0005,0.0003,0.0001,0.0002,0.0001,0.0002,0.0074,0.0006,0.0003,0.0001,0.0003,0.0052,0.0031,0.0002,0.0003,0.0002,0.0002,0.0001,0.0005,0.3423,0.1494,0.0002,0.0012,0.0002,0.0003,0.0002,0.0017,0.0017,0.0009,0.0001,0.0027,0.0477,0.0326,0.0001,0.0016,0.0008,0.0006,0.0002,0.0007,0.0011
27,Bhaktapur,2,Bhaktapur 2,0.0004,0.1761,0.0143,0.1932,0.0005,0.0018,0.0006,0.0077,0.0003,0.0008,0.0002,0.0171,0,0.0002,0.0003,0.0005,0.0001,0.0002,0.0001,0.0001,0.0101,0.001,0.0003,0.0001,0.0002,0.0017,0.0017,0.0001,0.0003,0.0001,0.0001,0,0.0003,0.2651,0.2142,0.0001,0.0012,0.0002,0.0001,0.0002,0.0021,0.0006,0.0009,0.0001,0.0033,0.0506,0.0244,0.0002,0.0016,0.0012,0.001,0.0003,0.0008,0.001
7,Bhojpur,1,Bhojpur 1,0.0009,0.189,0.037,0.3546,0.0014,0.0059,0.0006,0.0291,0.0002,0.0007,0.0005,0.025,0.0003,0.0001,0.0007,0.0015,0.0012,0.0008,0.0002,0.0003,0.0012,0.0011,0.0008,0.0006,0.0008,0.0011,0.0003,0.0003,0.0009,0.0003,0.0003,0.0002,0.0003,0.0005,0.3002,0.0005,0.0047,0.0005,0.0004,0.0006,0.0019,0.0047,0.002,0.0003,0.0054,0.0088,0.0026,0.0003,0.0043,0.0004,0.0008,0.0009,0.0014,0.0005
7,Bhojpur,2,Bhojpur 2,0.0006,0.255,0.034,0.3839,0.0017,0.0072,0.0008,0.0373,0.0003,0.0008,0.0003,0.0164,0.0004,0.0003,0.001,0.002,0.0002,0.001,0.0002,0.0002,0.0004,0.0021,0.0009,0.0008,0.0007,0.0009,0.0004,0.0005,0.001,0.0003,0.0004,0.0004,0.0007,0.0012,0.1994,0.0007,0.0056,0.0006,0.0005,0.0005,0.0025,0.0025,0.0018,0.0002,0.0114,0.0091,0.0019,0.0002,0.0047,0.0004,0.0011,0.0009,0.0015,0.0004
35,Chitwan,1,Chitwan 1,0.0007,0.3268,0.032,0.3218,0.0009,0.0051,0.0008,0.0134,0.0001,0.0029,0.0002,0.0186,0.0001,0.0001,0.0005,0.001,0.0002,0.0042,0.0001,0,0.0003,0.0008,0.0003,0.0001,0.0001,0.0079,0.0005,0.0001,0.0004,0.0001,0.0002,0.0001,0.0009,0.0008,0.1955,0.0003,0.0042,0.0001,0.0003,0.0002,0.0017,0.0026,0.0007,0.0001,0.0043,0.0373,0.0009,0.0017,0.0036,0.0002,0.0009,0.0005,0.0027,0.0002
35,Chitwan,2,Chitwan 2,0.0003,0.2057,0.0296,0.4399,0.0007,0.003,0.0004,0.0141,0.0002,0.0006,0.0002,0.0207,0.0001,0.0001,0.0007,0.0003,0.0001,0.0005,0.0001,0.0001,0.0005,0.0009,0.0002,0.0002,0.0002,0.0037,0.0007,0.0003,0.0003,0,0.0002,0.0001,0.0007,0.0008,0.2382,0.0001,0.0027,0.0001,0.0001,0.0003,0.0042,0.0004,0.0007,0,0.0021,0.0138,0.0019,0.0001,0.0019,0.0002,0.0017,0.0003,0.0049,0.0002
35,Chitwan,3,Chitwan 3,0.0005,0.1987,0.0335,0.4122,0.0007,0.0028,0.0004,0.0156,0.0003,0.0008,0.0003,0.0149,0.0001,0.0001,0.0005,0.0012,0.0002,0.0005,0,0.0002,0.0013,0.0008,0.0006,0.0003,0.0001,0.0043,0.0003,0.0003,0.0006,0,0.0003,0.0001,0.0011,0.0011,0.2638,0.0001,0.0017,0.0003,0.0001,0.0003,0.0026,0.0078,0.0006,0.0001,0.0032,0.0117,0.0045,0.0001,0.0041,0.0003,0.0012,0.0003,0.002,0.0005
35,Chitwan,4,Chitwan 4,0.0004,0.1239,0.0325,0.4296,0.0004,0.0021,0.0005,0.0116,0.0003,0.0006,0.0004,0.0221,0.0001,0,0.0005,0.0003,0,0.0004,0.0001,0.0001,0.0004,0.0013,0.0006,0.0001,0.0001,0.0035,0.0001,0.0003,0.0003,0.0001,0.0002,0,0.0002,0.0005,0.3169,0.0001,0.0017,0.0001,0,0.0001,0.0031,0.0061,0.0005,0.0001,0.0029,0.0162,0.0024,0.0001,0.0028,0.0001,0.0017,0.0002,0.011,0.0002
35,Chitwan,5,Chitwan 5,0.0001,0.1954,0.0294,0.3265,0.0007,0.0042,0.0002,0.0106,0,0.0013,0.0001,0.1446,0,0,0.0003,0.0001,0,0,0,0.0001,0.0002,0.0011,0.0002,0.0001,0.0003,0.0052,0.0002,0.0001,0.0001,0,0.0001,0.0001,0.0003,0.0005,0.1726,0.0001,0.0026,0.0001,0.0001,0.0001,0.0018,0.0018,0.0007,0.0001,0.002,0.0865,0.0003,0.0001,0.0031,0.0001,0.0042,0.0002,0.0012,0.0001
74,Dadeldhura,1,Dadeldhura 1,0.0005,0.1794,0.0119,0.2519,0.0013,0.002,0.0005,0.0112,0.0004,0.0003,0.0002,0.0998,0.0001,0.0001,0.0004,0.0005,0.0002,0.0003,0.0002,0.0004,0.0005,0.0007,0.0008,0.0004,0.0003,0.0007,0.0004,0.0002,0.0008,0.0002,0.0002,0.0002,0.0006,0.0018,0.3755,0.0003,0.0043,0.0004,0.0005,0.0005,0.0085,0.0005,0.002,0.0003,0.0044,0.0173,0.0017,0.0002,0.0101,0.0003,0.001,0.001,0.0008,0.0008
63,Dailekh,1,Dailekh 1,0.0002,0.2841,0.0121,0.2536,0.0012,0.0011,0.0003,0.0092,0.0001,0.0003,0.0001,0.0057,0.0002,0.0001,0.0002,0.0002,0.0001,0.0003,0,0.0002,0.0003,0.0002,0.0002,0.0002,0.0002,0.0016,0.0005,0.0001,0.0003,0.0001,0.0001,0.0001,0.0008,0.0349,0.3205,0.0002,0.0025,0.0001,0.0004,0.0002,0.0162,0.0011,0.0009,0.0001,0.0043,0.0126,0.0227,0.0001,0.0059,0.0002,0.0003,0.0004,0.0011,0.0013
63,Dailekh,2,Dailekh 2,0.0003,0.3024,0.0058,0.2129,0.001,0.0015,0.0005,0.0068,0.0002,0.0004,0.0002,0.0092,0.0002,0.0001,0.0003,0.0002,0.0002,0.0002,0.0001,0.0001,0.0002,0.0003,0.0003,0.0002,0.0003,0.0006,0.0009,0.0003,0.0004,0.0001,0.0004,0.0001,0.0007,0.1334,0.2657,0.0002,0.0047,0.0002,0.0004,0.0004,0.0183,0.0003,0.0015,0.0003,0.004,0.0112,0.003,0.0001,0.0065,0.0001,0.0003,0.0005,0.0012,0.0005
56,Dang,1,Dang 1,0.0008,0.1155,0.045,0.4126,0.0027,0.0015,0.0005,0.0258,0.0003,0.0621,0.0003,0.0039,0.0003,0.0002,0.0009,0.0231,0.0003,0.0002,0.0002,0.0003,0.0009,0.0009,0.0005,0.0009,0.0009,0.0031,0.0004,0.0002,0.0012,0.0003,0.0003,0.0004,0.0011,0.0009,0.2269,0.0006,0.0027,0.0002,0.0005,0.0004,0.0321,0.0052,0.001,0.0004,0.0028,0.0129,0.0007,0.0003,0.0023,0.0002,0.0004,0.0006,0.0008,0.0004
56,Dang,2,Dang 2,0.0004,0.1291,0.0441,0.5132,0.0022,0.0025,0.0005,0.0245,0.0003,0.02,0.0004,0.0046,0.0002,0.0002,0.0007,0.0015,0.0003,0.0003,0.0001,0.0003,0.0008,0.0012,0.0003,0.0002,0.0006,0.0011,0.0005,0.0002,0.0004,0.0005,0.0005,0.0002,0.0009,0.001,0.1783,0.0003,0.0034,0.0004,0.0006,0.0004,0.0358,0.0013,0.0016,0.0002,0.0038,0.0151,0.0005,0.0002,0.0022,0.0002,0.0005,0.0003,0.0007,0.0004
56,Dang,3,Dang 3,0.0005,0.1276,0.0448,0.4655,0.0022,0.0023,0.0004,0.0203,0.0002,0.0003,0.0004,0.0046,0.0001,0.0001,0.0007,0.0014,0.0002,0.0003,0.0001,0.0003,0.0005,0.0004,0.0005,0.0003,0.0003,0.0024,0.0003,0.0002,0.001,0.0002,0.0003,0.0002,0.0006,0.0008,0.2577,0.0004,0.0019,0.0003,0.0005,0.0003,0.0115,0.0054,0.0006,0.0001,0.0081,0.0232,0.005,0.0001,0.0021,0.0002,0.0006,0.0004,0.0008,0.0007
56,Dang,4,Dang 4,0.0005,0.1414,0.0366,0.4159,0.0029,0.0018,0.0002,0.0189,0.0002,0.0004,0.0002,0.0083,0.0001,0.0001,0.0004,0.0005,0.0001,0.0004,0.0001,0.0002,0.0009,0.0005,0.0002,0.0002,0.0002,0.0006,0.0003,0.0002,0.0025,0.0002,0.0002,0.0003,0.0008,0.0011,0.2903,0.0003,0.0015,0.0001,0.0003,0.0003,0.0257,0.006,0.0011,0,0.0087,0.0188,0.0053,0.0001,0.0018,0.0002,0.0004,0.0005,0.0006,0.0002
56,Dang,5,Dang 5,0.0007,0.1282,0.0292,0.3997,0.0022,0.0008,0.0005,0.0171,0.0001,0.0011,0.0003,0.0111,0.0001,0.0001,0.0005,0.0003,0.0002,0.0003,0.0002,0.0003,0.0005,0.0004,0.0005,0.0004,0.0001,0.0011,0.0002,0.0003,0.0012,0.0002,0.0004,0.0003,0.0006,0.0019,0.3617,0.0004,0.0019,0.0003,0.0005,0.0002,0.0043,0.0009,0.001,0.0001,0.0134,0.0087,0.0019,0.0001,0.0018,0.0001,0.0004,0.0003,0.0007,0.0001
72,Darchula,1,Darchula 1,0.0006,0.2199,0.0139,0.4231,0.0025,0.002,0.0005,0.0262,0.0002,0.0004,0.0005,0.0084,0.0002,0.0001,0.0007,0.0004,0.0001,0.0004,0.0002,0.0001,0.0004,0.0006,0.0006,0.0006,0.0002,0.0003,0.0002,0.0003,0.0007,0.0001,0.0002,0.0003,0.0005,0.0007,0.2254,0.0003,0.0061,0.0004,0.0009,0.0007,0.0039,0.0006,0.0015,0.0001,0.0192,0.0251,0.0018,0.0001,0.0043,0.0006,0.0006,0.001,0.0008,0.0005
24,Dhading,1,Dhading 1,0.0003,0.1362,0.0197,0.5242,0.0009,0.0017,0.0004,0.0127,0.0002,0.0003,0.0002,0.0052,0.0002,0.0001,0.0003,0.0003,0.0001,0.0002,0.0001,0.0001,0.0002,0.0008,0.0004,0.0005,0.0003,0.0039,0.0005,0.0003,0.0006,0.0003,0.0002,0.0001,0.0002,0.0014,0.1555,0.0003,0.0041,0.0004,0.0008,0.0007,0.0015,0.0005,0.0014,0.0001,0.1077,0.0053,0.0005,0.0003,0.0032,0.0004,0.0005,0.0009,0.0023,0.0003
24,Dhading,2,Dhading 2,0.0003,0.3065,0.0263,0.3145,0.0005,0.0036,0.0003,0.0156,0.0001,0.0002,0.0004,0.0058,0.0001,0.0001,0.0002,0.0004,0.0005,0.0003,0,0.0002,0.0004,0.0003,0.0004,0.0002,0.0001,0.0004,0.0011,0.0001,0.0003,0.0002,0.0002,0,0.0003,0.0017,0.2832,0.0001,0.0031,0.0001,0.0002,0.0002,0.0013,0.0005,0.0012,0.0001,0.0102,0.0092,0.001,0.0001,0.0032,0.0001,0.0004,0.0005,0.0034,0.0003
24,Dhading,3,Dhading 3,0.0003,0.2658,0.0389,0.4088,0.001,0.0023,0.0007,0.0237,0.0002,0.0004,0.0002,0.0067,0.0001,0.0001,0.0004,0.0005,0.0002,0.0002,0.0001,0.0002,0.0004,0.0004,0.0004,0.0003,0.0002,0.0015,0.0006,0.0003,0.0007,0.0003,0.0003,0.0001,0.0002,0.0014,0.1565,0.0002,0.0051,0.0003,0.0004,0.0005,0.0017,0.0009,0.0022,0.0001,0.0228,0.0348,0.0027,0.0001,0.005,0.0001,0.0007,0.0007,0.0071,0.0005
8,Dhankuta,1,Dhankuta 1,0.0007,0.308,0.0317,0.3976,0.001,0.0042,0.0006,0.0241,0.0005,0.0097,0.0003,0.0051,0.0003,0.0001,0.0006,0.0009,0.0003,0.0006,0.0003,0.0005,0.0011,0.0005,0.0002,0.0003,0.0003,0.0029,0.0004,0.0002,0.0007,0.0003,0.0003,0.0002,0.0007,0.0012,0.1571,0.0004,0.0024,0.0003,0.0004,0.0003,0.005,0.0022,0.0015,0.0001,0.0174,0.0093,0.0018,0.0001,0.0021,0.0003,0.0005,0.0002,0.002,0.0003
8,Dhankuta,2,Dhankuta 2,0.0005,0.3157,0.0378,0.3526,0.0014,0.0027,0.0008,0.0235,0.0003,0.0006,0.0003,0.0059,0.0004,0.0001,0.0008,0.0008,0.0003,0.0005,0.0001,0.0001,0.0003,0.0005,0.0005,0.0005,0.0003,0.0006,0.0003,0.0004,0.0008,0.0002,0.0003,0.0001,0.0003,0.0007,0.0915,0.0004,0.0028,0.0002,0.0002,0.0005,0.0008,0.0014,0.0008,0.0002,0.1322,0.0118,0.0004,0.0001,0.0031,0.0003,0.0004,0.0003,0.0012,0.0003
20,Dhanusha,1,Dhanusha 1,0.0018,0.2715,0.0191,0.1619,0.0025,0.0077,0.0017,0.0119,0.0194,0.0005,0.0008,0.0211,0.0004,0.0008,0.0017,0.2093,0.0009,0.001,0.0012,0.0005,0.0015,0.0006,0.001,0.0022,0.001,0.0005,0.0007,0.0012,0.0042,0.0009,0.0013,0.0019,0.0006,0.0022,0.1644,0.0007,0.0067,0.0004,0.0006,0.0054,0.002,0.0011,0.0014,0.0008,0.0027,0.0117,0.0096,0.0111,0.0031,0.0002,0.0014,0.0008,0.0018,0.0187
20,Dhanusha,2,Dhanusha 2,0.001,0.1741,0.0165,0.1746,0.0045,0.0019,0.0011,0.0148,0.0123,0.0004,0.0005,0.0053,0.0001,0.0013,0.0016,0.1506,0.0007,0.0005,0.0011,0.0003,0.0009,0.0007,0.0017,0.0014,0.0006,0.0007,0.0006,0.0003,0.0069,0.0005,0.0011,0.0014,0.0005,0.0011,0.2061,0.001,0.0044,0.0004,0.0006,0.0023,0.0025,0.0007,0.0014,0.0006,0.0036,0.015,0.0222,0.0088,0.0028,0.0002,0.0007,0.0003,0.0013,0.1433
20,Dhanusha,3,Dhanusha 3,0.0007,0.2319,0.0076,0.041,0.0021,0.0015,0.0003,0.007,0.0113,0.0003,0.0014,0.0125,0.0002,0.001,0.0014,0.034,0.0006,0.0092,0.0007,0.0006,0.0005,0.0005,0.0017,0.0005,0.0006,0.0007,0.0007,0.001,0.0097,0.0005,0.0007,0.002,0.0012,0.001,0.366,0.0004,0.0049,0.0004,0.0004,0.0054,0.001,0.0005,0.001,0.0003,0.0043,0.0087,0.0191,0.0036,0.0032,0.0003,0.0005,0.0007,0.003,0.1898
20,Dhanusha,4,Dhanusha 4,0.0037,0.1821,0.0059,0.062,0.0022,0.0019,0.0017,0.0071,0.0127,0.0007,0.0006,0.005,0.0002,0.0006,0.0044,0.3308,0.0007,0.0004,0.0017,0.0005,0.0013,0.0003,0.0024,0.0012,0.0009,0.0004,0.0006,0.0003,0.0071,0.0007,0.0007,0.0017,0.0005,0.0007,0.1199,0.0004,0.0077,0.0004,0.0004,0.0068,0.001,0.0004,0.0014,0.0008,0.004,0.017,0.0141,0.0391,0.0019,0.0002,0.0014,0.0001,0.0008,0.1383
20,Dhanusha,5,Dhanusha 5,0.0006,0.148,0.0131,0.1249,0.0026,0.0019,0.0018,0.0142,0.0168,0.0024,0.0002,0.0091,0.0003,0.0018,0.0016,0.0885,0.0009,0.0004,0.001,0.0002,0.0006,0.0003,0.0013,0.0012,0.0007,0.0009,0.0005,0.0002,0.0032,0.0005,0.0013,0.0011,0.0006,0.001,0.2476,0.0004,0.0066,0.0003,0.0004,0.003,0.0023,0.0007,0.0017,0.0008,0.0029,0.007,0.03,0.02,0.0028,0.0004,0.0008,0.0005,0.0009,0.2268
20,Dhanusha,6,Dhanusha 6,0.0029,0.2004,0.0231,0.2582,0.0026,0.0032,0.0019,0.0218,0.0172,0.0008,0.0006,0.0198,0.0005,0.001,0.0022,0.1145,0.0005,0.0004,0.0005,0.0005,0.0012,0.0007,0.0011,0.0023,0.001,0.0063,0.0008,0.0007,0.0067,0.0011,0.0011,0.0015,0.0011,0.0024,0.1966,0.0006,0.0044,0.0005,0.0004,0.0023,0.0033,0.0008,0.0023,0.001,0.0046,0.0097,0.032,0.0159,0.0042,0.0002,0.0009,0.0005,0.0022,0.0171
20,Dhanusha,7,Dhanusha 7,0.0577,0.2444,0.0136,0.1306,0.0024,0.0037,0.0085,0.0132,0.0137,0.0025,0.0006,0.056,0.0004,0.0006,0.0111,0.0433,0.0007,0.0004,0.0005,0.0002,0.0016,0.0008,0.0008,0.0013,0.0025,0.0009,0.0008,0.0003,0.0046,0.0019,0.0013,0.0015,0.0007,0.001,0.1745,0.0007,0.0105,0.0004,0.0004,0.0012,0.0016,0.0005,0.0018,0.0066,0.0038,0.0126,0.031,0.0941,0.0036,0.0002,0.0028,0.0003,0.0018,0.0271
17,Dolakha,1,Dolakha 1,0.0002,0.2512,0.0186,0.4305,0.0008,0.0029,0.0007,0.0148,0.0002,0.0006,0.0006,0.0074,0.0001,0.0001,0.0003,0.0003,0.0011,0.0003,0.0002,0.0002,0.0003,0.0004,0.0005,0.0004,0.0002,0.0002,0.0011,0.0002,0.0005,0.0002,0.0002,0.0002,0.0002,0.0026,0.2314,0.0003,0.0051,0.0004,0.0003,0.0002,0.0017,0.0002,0.002,0.0001,0.0024,0.0103,0.0006,0.0001,0.0022,0.0003,0.0006,0.0004,0.0029,0.0005
17,Dolakha,2,Dolakha 2,0.0006,0.2608,0.0305,0.4167,0.001,0.0057,0.001,0.0206,0.0002,0.0044,0.0006,0.0103,0.0002,0.0002,0.0006,0.0018,0.0003,0.0003,0.0004,0.0006,0.0007,0.0008,0.0005,0.0005,0.0004,0.001,0.0008,0.0003,0.0008,0.0003,0.0004,0.0001,0.001,0.0031,0.1846,0.0002,0.0071,0.0002,0.0005,0.0005,0.0021,0.0008,0.0026,0.0001,0.0043,0.02,0.001,0.0002,0.0034,0.0003,0.0007,0.0011,0.002,0.0008
57,Dolpa,1,Dolpa 1,0.0005,0.1487,0.0296,0.5599,0.0021,0.0014,0.0014,0.0188,0.0005,0.0017,0.0004,0.012,0.0001,0.0002,0.0018,0.0008,0.0004,0.0004,0.0004,0.0002,0.0004,0.0007,0.0003,0.0003,0.0002,0.0003,0.0004,0.0003,0.0008,0.0001,0.0005,0.0001,0.0007,0.001,0.1047,0.0005,0.0015,0.0002,0.0007,0.0005,0.0015,0.0008,0.0011,0.0001,0.007,0.0654,0.0228,0.0001,0.0026,0.0005,0.0007,0.0005,0.0004,0.001
70,Doti,1,Doti 1,0.001,0.3115,0.0116,0.2321,0.0026,0.0022,0.001,0.0089,0.0004,0.0015,0.0004,0.0219,0.0002,0.0002,0.0009,0.0006,0.0004,0.0003,0.0004,0.0005,0.0008,0.0013,0.0008,0.0009,0.0009,0.0012,0.0005,0.0005,0.0012,0.0004,0.0006,0.0005,0.001,0.0015,0.3233,0.0009,0.0078,0.0006,0.0008,0.0009,0.007,0.0007,0.0017,0.0005,0.0125,0.0192,0.0033,0.0002,0.0048,0.0004,0.0004,0.001,0.0027,0.0004
70,Doti,2,Doti 2,0.0009,0.2637,0.0157,0.3102,0.0027,0.0024,0.0011,0.0146,0.0006,0.001,0.0004,0.0141,0.0004,0.0002,0.0012,0.0008,0.0005,0.0003,0.0003,0.0004,0.0005,0.001,0.0006,0.0006,0.0006,0.0006,0.0004,0.0005,0.0011,0.0002,0.0005,0.0003,0.0044,0.0015,0.2321,0.0006,0.0064,0.0004,0.0013,0.001,0.0623,0.0012,0.0018,0.0005,0.0136,0.0222,0.0025,0.0002,0.0054,0.0003,0.0008,0.0009,0.0015,0.0007
36,Gorkha,1,Gorkha 1,0.0002,0.0799,0.0387,0.6363,0.0011,0.0016,0.001,0.0224,0.0002,0.0005,0.0009,0.0094,0.0002,0.0001,0.0008,0.0004,0.0002,0.0003,0.0001,0.0001,0.0008,0.0002,0.0003,0.0004,0.0003,0.0087,0.0002,0.0002,0.0012,0.0003,0.0003,0.0002,0.0003,0.0006,0.1551,0.0003,0.003,0.0004,0.0006,0.0005,0.0021,0.0008,0.0018,0.0001,0.0035,0.0156,0.0026,0.0002,0.0026,0.0003,0.0007,0.0004,0.0007,0.0004
36,Gorkha,2,Gorkha 2,0.0002,0.0474,0.0295,0.7293,0.0006,0.002,0.0008,0.0207,0.0002,0.0005,0.0002,0.0135,0.0001,0.0001,0.0004,0.0004,0.0002,0.0003,0.0002,0.0001,0.0003,0.0004,0.0004,0.0002,0.0002,0.0036,0.0003,0.0001,0.0008,0.0008,0.0002,0.0001,0.0002,0.0011,0.1152,0.0002,0.0016,0.0003,0.0004,0.0005,0.0027,0.0016,0.0014,0.0002,0.0018,0.011,0.0023,0.0001,0.0024,0.0001,0.0006,0.0004,0.0017,0.0001
36,Gorkha,3,Gorkha 3,0.0005,0.1147,0.0267,0.5935,0.0032,0.0029,0.0012,0.0268,0.0002,0.0007,0.0004,0.0114,0.0001,0.0002,0.0011,0.0006,0.0005,0.0006,0.0003,0.0001,0.0005,0.0004,0.0011,0.0011,0.0004,0.002,0.0003,0.0004,0.0014,0.0003,0.0003,0.0002,0.0004,0.0008,0.1667,0.0004,0.006,0.0007,0.0009,0.001,0.002,0.0006,0.0017,0.0004,0.0059,0.0097,0.0008,0.0002,0.0045,0.0005,0.0009,0.0008,0.001,0.0005
42,Gulmi,1,Gulmi 1,0.0005,0.2627,0.0186,0.3247,0.001,0.0088,0.0005,0.0112,0.0001,0.0007,0.0004,0.0066,0.0003,0.0001,0.0016,0.0003,0.0001,0.0005,0.0001,0.0001,0.0004,0.0007,0.0004,0.0003,0.0003,0.0004,0.0003,0.0003,0.0003,0.0001,0.0001,0.0002,0.001,0.0005,0.2751,0.0003,0.0042,0.0001,0.0003,0.0003,0.0504,0.0077,0.0004,0.0001,0.0027,0.0081,0.001,0.0002,0.0026,0.0003,0.0004,0.0004,0.001,0.0003
42,Gulmi,2,Gulmi 2,0.0005,0.3988,0.0124,0.1664,0.0004,0.0019,0.0004,0.0105,0.0001,0.0005,0.0002,0.0087,0.0001,0.0001,0.0007,0.0002,0.0001,0.0002,0.0007,0.0003,0.0005,0.0003,0.0003,0.0003,0.0003,0.0001,0.0002,0.0002,0.0004,0.0001,0.0001,0.0001,0.0005,0.0006,0.3526,0.0001,0.0031,0.0001,0.0003,0.0003,0.0175,0.0026,0.0005,0.0001,0.0028,0.0074,0.0007,0.0001,0.0027,0.0001,0.0004,0.0002,0.0006,0.0003
42,Gulmi,3,Gulmi 3,0.0004,0.3217,0.0158,0.3528,0.0011,0.0029,0.0006,0.0101,0.0002,0.0005,0.0002,0.0082,0.0001,0.0001,0.0006,0.0003,0.0002,0.0002,0.0002,0.0002,0.0005,0.0004,0.0004,0.0002,0.0004,0.0001,0.0003,0.0003,0.0007,0.0002,0.0002,0.0002,0.0008,0.0004,0.219,0.0003,0.0058,0.0002,0.0001,0.0004,0.0145,0.0006,0.0006,0.0001,0.0024,0.0284,0.0004,0.0001,0.0035,0.0003,0.0004,0.0004,0.0011,0.0003
61,Humla,1,Humla 1,0.0002,0.1367,0.0152,0.5657,0.0009,0.0015,0.0007,0.0044,0.0001,0.0002,0.0003,0.0195,0,0.0002,0.0005,0.0003,0.0001,0.0002,0,0.0002,0.0001,0.0001,0.0002,0.0005,0.0002,0,0.0001,0.0001,0.0005,0,0.0003,0.0002,0.0001,0.0029,0.2016,0.0004,0.0052,0,0.0003,0.0002,0.0014,0.0005,0.001,0.0002,0.0099,0.0188,0.0049,0.0001,0.0018,0,0.0002,0.0001,0.0004,0.0007
3,Ilam,1,Ilam 1,0.0004,0.3414,0.0234,0.2274,0.0008,0.0013,0.0044,0.0111,0.0001,0.0167,0.0003,0.0057,0.0003,0.0002,0.0011,0.0009,0.0209,0.0005,0,0.0001,0.0003,0.0004,0.0002,0.0002,0.0002,0.0016,0.0003,0.0001,0.0003,0.0001,0.0002,0,0.0004,0.0006,0.2807,0.0003,0.0024,0.0006,0.0003,0.0003,0.0007,0.0007,0.001,0,0.0022,0.039,0.0012,0.0002,0.0013,0.0001,0.0002,0.0002,0.0061,0.0005
3,Ilam,2,Ilam 2,0.0004,0.3395,0.0195,0.2026,0.0004,0.0045,0.0011,0.0132,0.0002,0.0581,0.0002,0.0041,0.0008,0,0.0004,0.0014,0.0217,0.0005,0,0.0001,0.0001,0.0003,0.0002,0.0003,0.0004,0.0058,0.0011,0.0002,0.0003,0.0001,0,0.0001,0.0002,0.0005,0.2988,0.0002,0.0024,0.0004,0.0003,0.0002,0.0008,0.002,0.0005,0.0001,0.0027,0.0075,0.0007,0.0001,0.0016,0.0002,0.0003,0.0003,0.0022,0.0003
3,Ilam,3,Ilam 3,0.0003,0.3252,0.0181,0.1786,0.0006,0.0023,0.0036,0.0109,0.0001,0.0094,0.0007,0.0048,0.0001,0.0001,0.0008,0.0013,0.0476,0.0005,0,0.0002,0.0002,0.0004,0.0004,0.0002,0.0004,0.0031,0.0017,0.0002,0.0002,0.0003,0.0001,0.0001,0.0001,0.0004,0.3553,0.0002,0.003,0.001,0.0002,0.0004,0.0006,0.0005,0.0006,0.0001,0.003,0.0091,0.0034,0.0001,0.0013,0.0001,0.0005,0.0005,0.0067,0.0004
62,Jajarkot,1,Jajarkot 1,0.0004,0.1695,0.0109,0.5074,0.0024,0.0013,0.0016,0.0107,0.0004,0.0003,0.0002,0.0079,0.0004,0.0002,0.0006,0.0006,0.0001,0.0002,0.0001,0.0001,0.0004,0.0002,0.0006,0.0005,0.0005,0.0009,0.0003,0.0002,0.0007,0.0001,0.0004,0.0001,0.0004,0.0013,0.1776,0.0003,0.0035,0.0004,0.0005,0.0005,0.0039,0.0005,0.0017,0.0001,0.0051,0.0715,0.0007,0.0001,0.0101,0.0002,0.0005,0.0002,0.0005,0.0002
62,Jajarkot,2,Jajarkot 2,0.0004,0.2654,0.0069,0.3873,0.0019,0.0019,0.001,0.0075,0.0002,0.0002,0.0002,0.0121,0.0003,0.0002,0.0003,0.0007,0.0001,0.0001,0,0,0.0001,0.0007,0.0004,0.0005,0.0004,0.0014,0.0004,0.0003,0.0007,0.0002,0.0001,0.0003,0.0004,0.0014,0.2433,0.0004,0.0055,0.0004,0.0008,0.0003,0.0047,0.0003,0.0021,0.0003,0.0054,0.0315,0.0003,0.0002,0.0084,0.0002,0.0003,0.0007,0.0007,0.0002
4,Jhapa,1,Jhapa 1,0.0015,0.2685,0.0261,0.3131,0.0006,0.0011,0.0005,0.011,0.0003,0.0216,0.0001,0.0081,0.0003,0.0001,0.0009,0.0092,0.0179,0.0005,0.0001,0.0002,0.0018,0.0006,0.0007,0.0002,0.0005,0.0048,0.0001,0.0001,0.0006,0.0003,0.0002,0.0003,0.0003,0.0006,0.2651,0.0001,0.0027,0.0004,0.0002,0.0003,0.0017,0.002,0.0012,0.0001,0.0042,0.0099,0.0058,0.0038,0.004,0.0001,0.0009,0.0004,0.0027,0.0016
4,Jhapa,2,Jhapa 2,0.0024,0.19,0.041,0.363,0.0015,0.0013,0.0018,0.016,0.0002,0.0155,0.0009,0.0114,0.0002,0.0001,0.0017,0.0258,0.0061,0.0004,0.0001,0.0004,0.0024,0.0008,0.0008,0.0005,0.0007,0.0015,0.0003,0.0003,0.0022,0.0013,0.0003,0.0007,0.0004,0.0006,0.2419,0.0003,0.0032,0.0003,0.0003,0.0004,0.0012,0.0053,0.0013,0.0015,0.0052,0.0113,0.0157,0.0097,0.0026,0.0001,0.0012,0.0005,0.0024,0.0029
4,Jhapa,3,Jhapa 3,0.0008,0.1788,0.0344,0.3166,0.0014,0.0016,0.0019,0.0156,0.0003,0.015,0.0003,0.008,0.0002,0.0001,0.0026,0.0363,0.0012,0.0003,0.0002,0.0002,0.0009,0.0003,0.0004,0.0005,0.0006,0.0004,0.0004,0.0001,0.0037,0.0003,0.0002,0.0006,0.0003,0.0004,0.2555,0.0003,0.0033,0.0003,0.0003,0.0002,0.0018,0.0149,0.002,0.0002,0.0065,0.0377,0.0098,0.0349,0.0028,0.0001,0.0008,0.0004,0.002,0.0013
4,Jhapa,4,Jhapa 4,0.0026,0.2511,0.0282,0.3251,0.0007,0.0018,0.0003,0.0107,0.0002,0.012,0.0007,0.012,0.0004,0.0001,0.0009,0.0135,0.0026,0.0003,0.0001,0.0001,0.0017,0.0006,0.0004,0.0004,0.0002,0.0013,0.0004,0.0002,0.0007,0.0012,0.0002,0.0004,0.0003,0.0005,0.2676,0.0002,0.0031,0.0001,0.0003,0.0003,0.0019,0.0174,0.0011,0.0001,0.0061,0.0062,0.012,0.0029,0.0027,0.0001,0.0008,0.0004,0.0014,0.0035
4,Jhapa,5,Jhapa 5,0.0015,0.1936,0.0355,0.2447,0.0018,0.0014,0.0023,0.0171,0.0003,0.0374,0.0003,0.011,0.0006,0.0001,0.0072,0.0484,0.0014,0.0003,0.0002,0.0001,0.0011,0.0007,0.0011,0.0007,0.0017,0.0027,0.0002,0.0003,0.0027,0.0003,0.0002,0.001,0.0004,0.0006,0.2407,0.0002,0.0032,0.0001,0.0004,0.0003,0.0008,0.0057,0.0014,0.0004,0.0049,0.0108,0.0102,0.0895,0.0021,0.0003,0.0015,0.0003,0.004,0.004
4,Jhapa,6,Jhapa 6,0.0011,0.2779,0.0231,0.2362,0.0016,0.0091,0.0016,0.0161,0.0003,0.0147,0.0002,0.0068,0.0003,0.0002,0.0033,0.0858,0.0003,0.0004,0.0003,0.0002,0.0011,0.0009,0.0007,0.0012,0.0017,0.0022,0.0004,0.0001,0.0181,0.0005,0.0003,0.0028,0.0003,0.0007,0.2026,0.0003,0.0033,0.0003,0.0002,0.0006,0.0011,0.0039,0.0011,0.0025,0.0057,0.0121,0.0088,0.02,0.0024,0.0001,0.0005,0.0003,0.0021,0.0221
4,Jhapa,7,Jhapa 7,0.0012,0.2582,0.039,0.3073,0.0013,0.0031,0.0006,0.0167,0.0004,0.0401,0.0009,0.0079,0.0022,0.0002,0.0009,0.02,0.0004,0.0006,0.0006,0.0006,0.0017,0.0023,0.0004,0.0005,0.0003,0.005,0.0004,0.0002,0.0011,0.0005,0.0003,0.0002,0.0005,0.0003,0.1928,0.0002,0.0025,0.0002,0.0002,0.0004,0.001,0.0105,0.0009,0.0001,0.0089,0.0509,0.0072,0.0004,0.002,0.0006,0.001,0.0003,0.0033,0.001
59,Jumla,1,Jumla 1,0.0007,0.1395,0.0137,0.4686,0.001,0.0009,0.0007,0.007,0.0003,0.0004,0.0002,0.0073,0.0001,0.0015,0.0005,0.0002,0.0002,0.0001,0.0002,0.0002,0.0003,0.0003,0.0002,0,0.0003,0.0003,0.0007,0.0001,0.0004,0.0001,0.0003,0.0001,0.0004,0.0812,0.2131,0.0002,0.0022,0.0002,0.0004,0.0003,0.0077,0.0005,0.0035,0.0002,0.0053,0.0246,0.0088,0.0001,0.0035,0.0002,0.0003,0.0004,0.0003,0.0003
71,Kailali,1,Kailali 1,0.0008,0.1196,0.0342,0.4558,0.0025,0.0036,0.0006,0.0164,0.0003,0.0501,0.0005,0.0124,0.0002,0.0001,0.0009,0.0231,0.0003,0.0004,0.0002,0.0004,0.0009,0.0011,0.001,0.0006,0.0007,0.0053,0.0002,0.0003,0.0009,0.0004,0.0006,0.0002,0.0018,0.0029,0.1881,0.0056,0.0026,0.0003,0.0006,0.0006,0.0054,0.0005,0.0015,0.0003,0.0167,0.0244,0.0036,0.0003,0.0065,0.0003,0.0009,0.0004,0.0014,0.0006
71,Kailali,2,Kailali 2,0.0007,0.2105,0.0224,0.458,0.0022,0.0021,0.0006,0.014,0.0001,0.0065,0.0005,0.0087,0.0001,0.0002,0.0009,0.0074,0.0002,0.0004,0.0001,0.0002,0.0005,0.0006,0.0004,0.0004,0.0004,0.001,0.0002,0.0002,0.0004,0.0001,0.0003,0.0002,0.0029,0.0101,0.1949,0.0006,0.0043,0.0003,0.0007,0.0003,0.0048,0.0005,0.0014,0.0002,0.0109,0.0171,0.001,0.0002,0.0057,0.0001,0.0006,0.0005,0.0016,0.0005
71,Kailali,3,Kailali 3,0.0024,0.102,0.037,0.3972,0.0044,0.0022,0.0011,0.022,0.0002,0.1014,0.0017,0.0061,0.0003,0.0004,0.0015,0.0437,0.0005,0.0057,0.0007,0.0005,0.0014,0.001,0.0007,0.001,0.0026,0.007,0.0002,0.001,0.0017,0.0005,0.0006,0.0007,0.0032,0.001,0.121,0.0009,0.0025,0.0005,0.0006,0.0008,0.0085,0.0009,0.0011,0.0005,0.0057,0.0813,0.0013,0.0111,0.0055,0.0003,0.0007,0.0007,0.0015,0.0007
71,Kailali,4,Kailali 4,0.0008,0.1269,0.0268,0.5393,0.0028,0.0021,0.0006,0.0144,0.0007,0.0021,0.0004,0.007,0.0002,0.0001,0.0038,0.0093,0.0003,0.0005,0.0001,0.0003,0.0007,0.0008,0.0004,0.0007,0.0002,0.0034,0.0004,0.0002,0.0016,0.0002,0.0004,0.0006,0.0032,0.0025,0.157,0.0008,0.0033,0.0004,0.0008,0.0003,0.0042,0.0007,0.0015,0.0002,0.035,0.0321,0.0014,0.0003,0.005,0.0002,0.0006,0.0007,0.001,0.0006
71,Kailali,5,Kailali 5,0.001,0.1803,0.023,0.3745,0.0017,0.0031,0.0006,0.0127,0.0004,0.0143,0.0002,0.0099,0.0001,0.0002,0.0012,0.0007,0.0002,0.0004,0.0002,0.0003,0.0003,0.0008,0.0003,0.0005,0.0007,0.0025,0.0002,0.0001,0.0004,0.0003,0.0002,0.0001,0.0032,0.0009,0.2977,0.0002,0.0029,0.0003,0.0005,0.0005,0.0161,0.0007,0.0011,0.0002,0.0106,0.0207,0.0016,0.0013,0.0066,0.0003,0.0005,0.0003,0.0016,0.0008
71,Kailali,6,Kailali 6,0.0004,0.2165,0.026,0.3314,0.0013,0.004,0.0005,0.0138,0.0001,0.0106,0.0007,0.0065,0.0001,0,0.0027,0.0041,0.0001,0.0005,0.0002,0.0002,0.0005,0.0018,0.0004,0.0003,0.0004,0.0038,0.0003,0.0001,0.0022,0.0001,0.0002,0.0008,0.0006,0.0008,0.2561,0.0003,0.0017,0.0001,0.0002,0.0002,0.0114,0.0007,0.0009,0.0001,0.0527,0.021,0.0059,0.0054,0.0065,0.0002,0.0004,0.0004,0.003,0.0011
60,Kalikot,1,Kalikot 1,0.0004,0.1667,0.0088,0.4851,0.001,0.0007,0.0004,0.0054,0.0004,0.0003,0.0001,0.0109,0.0001,0.0001,0.0006,0.0005,0.0001,0.0001,0.0001,0.0001,0.0002,0.0003,0.0003,0.0002,0.0002,0.0001,0.0006,0.0001,0.0004,0.0013,0.0002,0.0002,0.0009,0.0497,0.1734,0.0002,0.0038,0.0002,0.0003,0.0003,0.0193,0.0007,0.0014,0.0002,0.0201,0.0276,0.0014,0.0001,0.0123,0.0002,0.0002,0.0007,0.0007,0.0005
75,Kanchanpur,1,Kanchanpur 1,0.0005,0.1884,0.0215,0.3231,0.0017,0.008,0.0006,0.0144,0.0004,0.0004,0.0001,0.0159,0.0001,0.0001,0.0006,0.0018,0,0.0005,0.0002,0.0004,0.0006,0.0004,0.0006,0.0007,0.0004,0.0043,0.0002,0.0003,0.0016,0.0001,0.0002,0.0003,0.0017,0.0008,0.2621,0.0004,0.0033,0.0003,0.0004,0.0005,0.0857,0.0007,0.0011,0.0003,0.0138,0.0284,0.0019,0.0002,0.0047,0.0003,0.0006,0.0004,0.0023,0.002
75,Kanchanpur,2,Kanchanpur 2,0.0011,0.1052,0.0317,0.4265,0.0036,0.0087,0.0007,0.0255,0.0001,0.0007,0.0002,0.0136,0.0002,0.0002,0.0005,0.0008,0.0002,0.0003,0.0002,0.0004,0.0005,0.0009,0.0005,0.0005,0.0003,0.0093,0.0004,0.0002,0.0088,0.0003,0.0005,0.0024,0.0012,0.0011,0.2339,0.0005,0.0035,0.0002,0.0007,0.0007,0.0085,0.001,0.0015,0.0001,0.0059,0.0702,0.0019,0.0003,0.0148,0.0003,0.0005,0.0007,0.0034,0.0039
75,Kanchanpur,3,Kanchanpur 3,0.0008,0.1564,0.0318,0.408,0.0022,0.0059,0.0003,0.0208,0.0002,0.0003,0.0003,0.0142,0.0003,0.0001,0.0007,0.0006,0.0002,0.0006,0.0002,0.0003,0.0005,0.0006,0.0014,0.0003,0.0002,0.0004,0.0004,0.0002,0.002,0.0004,0.0004,0.0005,0.0005,0.0008,0.2503,0.0002,0.0025,0.0003,0.0003,0.0004,0.0059,0.0009,0.0011,0.0001,0.029,0.0427,0.0046,0.0003,0.0054,0.0002,0.0005,0.0005,0.0012,0.0011
75,Kanchanpur,4,Kanchanpur 4,0.0004,0.1688,0.0233,0.3305,0.0023,0.0042,0.0006,0.0176,0.0002,0.0004,0.0002,0.0101,0.0001,0.0001,0.0005,0.0005,0.0002,0.0008,0.0002,0.0004,0.0004,0.0008,0.0038,0.0003,0.0004,0.0002,0.0003,0.0002,0.0021,0.0002,0.0005,0.0003,0.0004,0.0008,0.3473,0.0002,0.0027,0.0003,0.0002,0.0003,0.0028,0.0008,0.0013,0.0001,0.0085,0.0527,0.0039,0.0001,0.0038,0.0004,0.0005,0.0005,0.0007,0.0006
47,Kapilvastu,1,Kapilvastu 1,0.0002,0.2613,0.0193,0.2674,0.0016,0.0016,0.0015,0.0098,0.0003,0.0003,0.0002,0.0103,0.0002,0.0004,0.0076,0.0054,0.0002,0.0004,0.0003,0.0002,0.0004,0.0003,0.0006,0.0005,0.0002,0.0019,0.0005,0.0001,0.0037,0.0002,0.0001,0.0006,0.0006,0.0012,0.27,0.0002,0.0018,0.0001,0.0002,0.001,0.0263,0.0137,0.001,0.0001,0.0026,0.0143,0.0058,0.0048,0.002,0.0001,0.0005,0.0003,0.0008,0.0548
47,Kapilvastu,2,Kapilvastu 2,0.002,0.0623,0.0225,0.1899,0.006,0.0024,0.0021,0.0145,0.0006,0.0006,0.0005,0.0067,0.0004,0.0017,0.0026,0.132,0.0009,0.0003,0.0011,0.0002,0.0016,0.0005,0.0055,0.0041,0.002,0.0012,0.0005,0.0004,0.0255,0.0007,0.0006,0.0044,0.0006,0.0014,0.1671,0.0008,0.0021,0.0004,0.0007,0.003,0.0075,0.002,0.0017,0.0011,0.0018,0.0165,0.0346,0.038,0.0031,0.0008,0.0009,0.0006,0.0007,0.2183
47,Kapilvastu,3,Kapilvastu 3,0.0009,0.0383,0.019,0.131,0.0034,0.0012,0.0011,0.0134,0.0005,0.0006,0.0005,0.0056,0.0003,0.0022,0.0023,0.0408,0.0005,0.0004,0.0005,0.0002,0.0006,0.0003,0.005,0.002,0.0011,0.0027,0.0008,0.0003,0.0288,0.0006,0.0004,0.0042,0.0005,0.001,0.1583,0.0004,0.0014,0.0005,0.0006,0.0048,0.0017,0.0008,0.0025,0.0004,0.002,0.0407,0.0475,0.0255,0.0016,0.0004,0.0006,0.0005,0.0003,0.3981
47,Kapilvastu,4,Kapilvastu 4,0.0013,0.0797,0.0158,0.1509,0.0027,0.0023,0.0012,0.01,0.0005,0.001,0.0003,0.0037,0.0002,0.0019,0.0009,0.2048,0.0005,0.0002,0.0011,0.0005,0.0016,0.0004,0.0079,0.0026,0.0015,0.0016,0.0003,0.0004,0.0824,0.0009,0.0005,0.0086,0.0006,0.0005,0.1185,0.0007,0.0025,0.0004,0.0006,0.0043,0.0075,0.0004,0.0019,0.0013,0.0124,0.0073,0.0205,0.006,0.0016,0.0004,0.0018,0.0004,0.0008,0.2208
47,Kapilvastu,5,Kapilvastu 5,0.0016,0.0538,0.0094,0.1514,0.0026,0.0028,0.0016,0.0063,0.0007,0.0006,0.0006,0.0035,0.0003,0.002,0.0022,0.2434,0.0011,0.0005,0.0008,0.0003,0.0009,0.0004,0.0046,0.0098,0.0014,0.0018,0.0004,0.0003,0.0118,0.001,0.0004,0.0019,0.0006,0.0005,0.1395,0.0008,0.001,0.0006,0.0003,0.0027,0.0033,0.0006,0.0009,0.0017,0.0226,0.0073,0.0177,0.0358,0.0012,0.0003,0.0005,0.0005,0.0003,0.2411
39,Kaski,1,Kaski 1,0.0003,0.2939,0.0282,0.3246,0.0007,0.0033,0.0009,0.0161,0.0005,0.0006,0.0003,0.0062,0.0001,0.0001,0.0007,0.0004,0.0002,0.0005,0.0001,0.0001,0.0002,0.0006,0.0002,0.0006,0.0002,0.0018,0.0004,0.0001,0.0003,0.0002,0.0003,0.0001,0.0004,0.0005,0.2805,0.0003,0.0025,0.0001,0.0002,0.0002,0.0025,0.0018,0.0009,0.0001,0.0038,0.0159,0.003,0.0001,0.0019,0.0002,0.0007,0.0003,0.0012,0.0003
39,Kaski,2,Kaski 2,0.0003,0.2545,0.0328,0.3372,0.0007,0.0026,0.0007,0.0167,0.0018,0.0003,0.0004,0.0062,0.0001,0.0001,0.0004,0.0004,0.0001,0.0006,0.0004,0.0001,0.0009,0.0031,0.0003,0.0016,0.0002,0.004,0.0012,0.0002,0.0002,0.0002,0.0012,0.0002,0.0006,0.0007,0.2524,0.0001,0.0013,0.0002,0.0003,0.0002,0.003,0.0023,0.0008,0.0001,0.0098,0.0417,0.0105,0.0002,0.0021,0.0001,0.0006,0.0001,0.0021,0.0007
39,Kaski,3,Kaski 3,0.0002,0.3063,0.0286,0.3314,0.0005,0.0016,0.0005,0.0151,0.0007,0.0003,0.0002,0.005,0.0001,0.0002,0.0004,0.0006,0.0001,0.0005,0.0002,0.0002,0.0005,0.0007,0.0003,0.0002,0.0001,0.0011,0.0017,0.0002,0.0004,0.0002,0.0005,0.0002,0.0011,0.0005,0.2432,0.0003,0.0018,0.0002,0.0003,0.0002,0.0031,0.0023,0.0007,0,0.0037,0.0256,0.0138,0,0.0021,0.0005,0.0001,0.0001,0.0011,0.0005
39,Kaski,4,Kaski 4,0.0004,0.2825,0.0297,0.3438,0.0012,0.0027,0.0014,0.0266,0.0002,0.0007,0.0004,0.0063,0.0001,0.0001,0.0007,0.0004,0.0001,0.0003,0.0002,0.0003,0.0005,0.0007,0.0002,0.0004,0.0002,0.0007,0.002,0.0004,0.0005,0.0001,0.0003,0.0001,0.0003,0.0008,0.2535,0.0001,0.0036,0.0002,0.0004,0.0003,0.0035,0.0012,0.0006,0,0.0036,0.0163,0.0043,0.0001,0.0037,0.0003,0.0006,0.0004,0.0019,0.0004
26,Kathmandu,1,Kathmandu 1,0.0022,0.2101,0.0161,0.1819,0.0012,0.002,0.0023,0.0088,0.0008,0.003,0.0012,0.0063,0.0006,0.0004,0.0004,0.0053,0.0006,0.0005,0.0009,0.0012,0.0262,0.001,0.0014,0.0005,0.0007,0.0037,0.0027,0.0007,0.0014,0.0013,0.0002,0.0008,0.0033,0.0036,0.3641,0.0007,0.0031,0.0005,0.0003,0.001,0.0016,0.0028,0.0026,0.0002,0.0146,0.0326,0.0666,0.0014,0.0013,0.0015,0.0011,0.0004,0.0006,0.0093
26,Kathmandu,10,Kathmandu 10,0.0003,0.1936,0.0191,0.4399,0.0005,0.001,0.0008,0.007,0.0002,0.0007,0.0004,0.0124,0.0002,0.0001,0.0003,0.0005,0.0001,0.0001,0.0001,0.0002,0.0087,0.0005,0.0008,0.0001,0.0002,0.0054,0.0005,0.0001,0.0003,0.0003,0.0002,0.0001,0.0002,0.0061,0.232,0.0001,0.0012,0.0001,0.0001,0.0003,0.0016,0.0006,0.0004,0,0.0135,0.028,0.0146,0.0001,0.0032,0.0001,0.0004,0.0003,0.0011,0.0009
26,Kathmandu,2,Kathmandu 2,0.001,0.2514,0.0138,0.3231,0.0006,0.0022,0.0027,0.0083,0.0002,0.0012,0.0001,0.007,0.0001,0.0003,0.0004,0.0033,0.0002,0.0005,0.0005,0.0002,0.0099,0.0012,0.0003,0.0002,0.0002,0.0018,0.0017,0.0001,0.0008,0.0003,0.0001,0.0002,0.0007,0.0026,0.2387,0.0003,0.0024,0.0002,0.0002,0.0004,0.0016,0.0013,0.0006,0.0001,0.0062,0.0444,0.0575,0.0004,0.0017,0.0005,0.0006,0.0002,0.0021,0.0036
26,Kathmandu,3,Kathmandu 3,0.0007,0.2653,0.0214,0.2772,0.0004,0.002,0.0015,0.0089,0.0002,0.0034,0.0003,0.0074,0.0001,0.0002,0.0003,0.0008,0.0004,0.0006,0.0009,0.0001,0.0076,0.0018,0.0003,0.0001,0.0002,0.0027,0.0006,0.0001,0.0004,0.001,0.0003,0.0002,0.0015,0.0021,0.2884,0.0001,0.0022,0.0001,0.0001,0.0005,0.0015,0.001,0.001,0,0.0095,0.0237,0.0389,0.0002,0.0049,0.0008,0.0018,0.0002,0.0118,0.0024
26,Kathmandu,4,Kathmandu 4,0.001,0.2399,0.017,0.2502,0.0008,0.0017,0.0014,0.007,0.0005,0.0016,0.0007,0.0064,0.0002,0.0002,0.0005,0.003,0.0012,0.001,0.0004,0.0005,0.0175,0.0006,0.0006,0.0001,0.0003,0.0027,0.0044,0.0002,0.0005,0.0006,0.0001,0.0006,0.0033,0.0053,0.3051,0.0003,0.0019,0.0008,0.0001,0.0004,0.0012,0.0014,0.0005,0.0001,0.0098,0.0248,0.0723,0.0004,0.0017,0.0003,0.002,0.0003,0.0015,0.0036
26,Kathmandu,5,Kathmandu 5,0.0014,0.2492,0.0171,0.237,0.0008,0.0015,0.0015,0.0066,0.0002,0.0029,0.0002,0.0067,0.0001,0.0004,0.0004,0.0016,0.0002,0.001,0.0002,0.0008,0.0141,0.0006,0.0003,0.0002,0.0009,0.0027,0.0016,0.0001,0.0002,0.0008,0.0002,0.0001,0.0014,0.0242,0.2947,0.0003,0.0008,0.0002,0.0002,0.0004,0.0011,0.0024,0.0006,0.0001,0.0068,0.0165,0.0888,0.0004,0.0017,0.0003,0.0009,0.0002,0.002,0.0043
26,Kathmandu,6,Kathmandu 6,0.0004,0.2455,0.0136,0.2974,0.0003,0.0015,0.0011,0.0091,0.0007,0.0009,0.0002,0.0061,0.0001,0.0011,0.0001,0.0012,0.0002,0.0006,0.0003,0.0003,0.0538,0.0006,0.0004,0.0001,0.0004,0.0022,0.0013,0.0002,0.0003,0.0004,0.0001,0.0001,0.0005,0.0125,0.2609,0.0001,0.0012,0.0002,0.0001,0.0001,0.0012,0.0014,0.0003,0.0002,0.0104,0.0248,0.0381,0.0002,0.0023,0.0004,0.0006,0.0002,0.0014,0.0023
26,Kathmandu,7,Kathmandu 7,0.0006,0.2165,0.0151,0.3024,0.0008,0.0024,0.0008,0.0094,0.0002,0.0018,0.0006,0.0097,0.0002,0.0003,0.0017,0.001,0.0005,0.0007,0.0002,0.0002,0.1131,0.0005,0.0004,0.0002,0.0011,0.0029,0.0007,0.0017,0.0002,0.0006,0.0003,0.0002,0.0007,0.0042,0.2082,0.0006,0.0014,0.0003,0.0003,0.0004,0.0015,0.0011,0.0005,0.0002,0.0064,0.0229,0.0565,0.0006,0.002,0.0004,0.0013,0.0001,0.0014,0.0021
26,Kathmandu,8,Kathmandu 8,0.0002,0.2057,0.012,0.1915,0.0007,0.0026,0.0023,0.0092,0.0004,0.0024,0.0004,0.0048,0.0002,0.0002,0.0008,0.0024,0.0001,0.0002,0.0006,0.0002,0.1699,0.0006,0.0005,0.0001,0.001,0.0022,0.0009,0.0002,0.0004,0.0008,0.0004,0.0001,0.0001,0.0027,0.2618,0.0001,0.0009,0.0008,0.0002,0.0002,0.0007,0.0008,0.0005,0.0001,0.0057,0.0235,0.074,0.0011,0.0017,0.0007,0.0013,0.0001,0.0016,0.0077
26,Kathmandu,9,Kathmandu 9,0.0004,0.2304,0.0144,0.2776,0.0004,0.0022,0.001,0.0115,0.0004,0.0021,0.0003,0.0064,0.0002,0.0003,0.003,0.0024,0.0001,0.0005,0.0005,0.0002,0.0966,0.0013,0.0003,0.0002,0.001,0.0035,0.0013,0.0002,0.0009,0.0008,0.0002,0.0002,0.0003,0.0086,0.2442,0.0002,0.0012,0.0005,0.0004,0.0003,0.0018,0.0009,0.0006,0.0002,0.0077,0.0212,0.0398,0.0007,0.0039,0.0004,0.0008,0.0003,0.0007,0.0047
29,Kavrepalanchok,1,Kavrepalanchok 1,0.0004,0.1657,0.025,0.5369,0.0003,0.012,0.0004,0.0133,0.0001,0.0005,0.0002,0.068,0.0001,0.0001,0.0002,0.0005,0.0002,0.0003,0.0001,0.0001,0.0001,0.0006,0.0003,0.0003,0.0002,0.0009,0.0005,0.0001,0.0003,0.0002,0.0001,0,0.0001,0.0014,0.1368,0.0003,0.0035,0.0002,0.0001,0.0002,0.002,0.0068,0.0008,0.0001,0.0043,0.0051,0.0038,0.0002,0.0016,0.0001,0.0012,0.0003,0.003,0.0004
29,Kavrepalanchok,2,Kavrepalanchok 2,0.0004,0.2451,0.0339,0.3654,0.0006,0.0029,0.0005,0.015,0.0001,0.0052,0.0002,0.0274,0.0002,0.0001,0.0004,0.0003,0.0001,0.0002,0.0002,0.0002,0.0005,0.0006,0.0003,0.0002,0.0003,0.0023,0.0006,0.0001,0.0004,0.0004,0.0001,0.0001,0.0002,0.0026,0.2102,0.0002,0.0061,0.0002,0.0002,0.0003,0.0014,0.0007,0.0012,0.0001,0.0458,0.0101,0.0088,0.0001,0.0028,0.0001,0.0007,0.0004,0.0028,0.0006
29,Kavrepalanchok,3,Kavrepalanchok 3,0.0005,0.2986,0.0288,0.2979,0.0005,0.0023,0.0005,0.0123,0.0001,0.0006,0.0004,0.0139,0.0001,0.0001,0.0003,0.0003,0.0001,0.0003,0.0002,0.0002,0.0025,0.0008,0.0003,0.0003,0.0002,0.0023,0.0007,0.0002,0.0003,0.0005,0.0002,0.0001,0.0002,0.0343,0.2541,0.0001,0.0049,0.0002,0.0002,0.0003,0.0013,0.0004,0.0012,0.0001,0.0075,0.0129,0.0088,0.0001,0.0024,0.0003,0.001,0.0003,0.002,0.0006
29,Kavrepalanchok,4,Kavrepalanchok 4,0.0006,0.2868,0.038,0.4053,0.0004,0.008,0.0011,0.0207,0.0002,0.0005,0.0003,0.0286,0.0001,0.0001,0.0005,0.0004,0.0001,0.0005,0.0003,0.0004,0.0003,0.001,0.0002,0.0003,0.0003,0.0015,0.0006,0.0003,0.0004,0.0006,0.0001,0.0001,0.0003,0.0056,0.153,0.0001,0.0058,0.0003,0.0002,0.0002,0.0016,0.002,0.0016,0.0001,0.004,0.0099,0.0035,0.0001,0.0036,0.0001,0.0016,0.0007,0.0067,0.0007
12,Khotang,1,Khotang 1,0.0013,0.2063,0.0357,0.3795,0.0009,0.0431,0.0006,0.0258,0.0002,0.0014,0.0003,0.0465,0.0005,0.0001,0.0007,0.0012,0.0003,0.0006,0.0001,0.0002,0.0003,0.0006,0.0007,0.0008,0.0028,0.0002,0.0002,0.0003,0.0007,0.0003,0.0003,0.0001,0.0007,0.0004,0.2018,0.0006,0.0081,0.0003,0.001,0.0009,0.0016,0.0003,0.0016,0.0002,0.0084,0.0082,0.0029,0.0001,0.0047,0.0004,0.002,0.0007,0.0016,0.0008
12,Khotang,2,Khotang 2,0.0012,0.2357,0.0277,0.3859,0.001,0.0274,0.0011,0.0216,0.0003,0.0008,0.0006,0.019,0.0003,0.0001,0.0007,0.0013,0.0008,0.0006,0.0008,0,0.0004,0.0008,0.001,0.0008,0.0002,0.0003,0.0003,0.0004,0.0007,0.0003,0.0002,0.0001,0.0005,0.001,0.2237,0.0004,0.0076,0.0005,0.0006,0.0009,0.0019,0.0012,0.0017,0.0004,0.0128,0.0049,0.0005,0.0003,0.0043,0.0004,0.0008,0.0008,0.0018,0.0007
28,Lalitpur,1,Lalitpur 1,0.0004,0.2328,0.0259,0.3341,0.0006,0.0031,0.0004,0.0077,0.0001,0.0035,0.0004,0.0112,0.0001,0.0004,0.0003,0.0005,0.0001,0.0002,0.0001,0.0002,0.0024,0.0008,0.0001,0.0002,0.0002,0.0014,0.0004,0,0.0004,0.0003,0.0002,0.0001,0.0003,0.0008,0.2638,0.0002,0.0018,0.0001,0.0001,0.0003,0.0013,0.0013,0.0005,0.0001,0.0139,0.0584,0.0222,0.0001,0.002,0.0002,0.0004,0.0002,0.0027,0.0007
28,Lalitpur,2,Lalitpur 2,0.0005,0.2009,0.017,0.3287,0.0011,0.0016,0.0017,0.0045,0.0003,0.0009,0.0003,0.0291,0.0008,0.0001,0.0006,0.0012,0.0001,0.0003,0.0005,0.0003,0.0658,0.0015,0.0002,0.0003,0.0005,0.0031,0.0028,0.0004,0.0004,0.0002,0.0002,0.0001,0.0004,0.0031,0.2555,0.0002,0.001,0.0002,0.0001,0.0004,0.0015,0.0012,0.0007,0.0001,0.0083,0.0208,0.0328,0.0004,0.0016,0.0015,0.0013,0.0002,0.0007,0.0017
28,Lalitpur,3,Lalitpur 3,0.0005,0.1824,0.0177,0.3302,0.0004,0.0056,0.0013,0.0036,0.0002,0.0034,0.0004,0.058,0.0014,0.0002,0.0003,0.0022,0.0005,0.0003,0.0004,0.0003,0.0305,0.0016,0.0005,0.0005,0.0005,0.0046,0.0041,0.0001,0.0005,0.0002,0.0004,0.0001,0.0003,0.0021,0.2048,0.0004,0.0012,0.0002,0.0003,0.0004,0.0073,0.0033,0.0004,0.0002,0.0575,0.0216,0.0388,0.0004,0.0016,0.0004,0.0012,0.0002,0.0011,0.0035
38,Lamjung,1,Lamjung 1,0.0004,0.2068,0.026,0.4232,0.0015,0.0015,0.0009,0.0197,0.0002,0.0008,0.0003,0.0095,0.0001,0.0002,0.0007,0.0004,0.0002,0.0004,0.0002,0.0003,0.0003,0.0007,0.0006,0.0006,0.0005,0.0023,0.0012,0.0004,0.0009,0.0002,0.0002,0.0002,0.0004,0.0014,0.2379,0.0003,0.0034,0.0004,0.0007,0.0005,0.0013,0.0004,0.0013,0.0002,0.0041,0.0286,0.0019,0.0001,0.0035,0.0002,0.0008,0.0005,0.0103,0.0003
38,Lamjung,2,Lamjung 2,0.0003,0.3652,0.0137,0.2481,0.0007,0.0014,0.0004,0.0089,0.0001,0.0005,0.0005,0.0072,0.0001,0,0.0003,0.0002,0.0001,0.0005,0.0001,0.0002,0.0003,0.0003,0.0002,0.0002,0.0002,0.0015,0.0002,0.0001,0.0004,0.0001,0.0002,0.0001,0.0003,0.0007,0.3197,0.0001,0.0023,0.0002,0.0002,0.0002,0.0006,0.0004,0.0006,0.0001,0.005,0.0083,0.0037,0.0001,0.002,0.0001,0.0005,0.0003,0.0019,0.0005
21,Mahottari,1,Mahottari 1,0.0107,0.1974,0.0122,0.1119,0.002,0.0096,0.0007,0.0146,0.0209,0.0004,0.0003,0.2007,0.0004,0.0007,0.0006,0.042,0.0005,0.001,0.0005,0.0004,0.0013,0.0005,0.001,0.0009,0.0008,0.0008,0.0011,0.0004,0.0025,0.0002,0.0015,0.001,0.0007,0.0012,0.1443,0.0006,0.0037,0.0002,0.0001,0.0018,0.0021,0.0189,0.0017,0.0392,0.0024,0.0173,0.0091,0.0039,0.0035,0.0002,0.0076,0.0003,0.0015,0.1005
21,Mahottari,2,Mahottari 2,0.0015,0.1171,0.0189,0.1331,0.0075,0.0025,0.0018,0.0257,0.0155,0.0009,0.0009,0.0069,0.0003,0.0016,0.0021,0.1952,0.0035,0.0008,0.0013,0.0003,0.001,0.0007,0.0019,0.0037,0.001,0.0009,0.0007,0.0005,0.0046,0.0012,0.0011,0.002,0.0009,0.0019,0.1655,0.0008,0.0048,0.005,0.0007,0.0023,0.0023,0.001,0.002,0.0012,0.0018,0.0803,0.0144,0.0095,0.0036,0.0004,0.0009,0.0005,0.0012,0.1415
21,Mahottari,3,Mahottari 3,0.0012,0.2352,0.0172,0.1158,0.0029,0.0015,0.0009,0.0119,0.0094,0.0005,0.0004,0.0051,0.0002,0.002,0.0064,0.0797,0.0007,0.0011,0.001,0.0004,0.0007,0.0004,0.0013,0.0019,0.0003,0.0008,0.0006,0.0003,0.012,0.0008,0.0006,0.002,0.0004,0.0013,0.1243,0.0005,0.0052,0.0003,0.0005,0.0027,0.0014,0.0006,0.0018,0.0009,0.0105,0.0182,0.0252,0.0042,0.0028,0.0004,0.0008,0.0004,0.0013,0.2811
21,Mahottari,4,Mahottari 4,0.001,0.1298,0.019,0.1749,0.0045,0.002,0.0013,0.0156,0.0027,0.0004,0.0005,0.0055,0.0005,0.0019,0.0033,0.1149,0.0015,0.0002,0.0011,0.0002,0.0006,0.0006,0.0013,0.0027,0.0005,0.0008,0.0007,0.0004,0.0029,0.0005,0.0005,0.0005,0.0006,0.0014,0.0898,0.0004,0.0038,0.0006,0.0006,0.003,0.0017,0.0008,0.0011,0.0007,0.015,0.0897,0.0196,0.0114,0.0026,0.0006,0.0007,0.0005,0.0007,0.2614
21,Mahottari,5,Mahottari 5,0.0011,0.1714,0.0096,0.1281,0.0034,0.003,0.0016,0.0186,0.0069,0.0005,0.0004,0.0282,0.0002,0.0012,0.0029,0.2096,0.0007,0.0038,0.0011,0.0004,0.0008,0.0004,0.0013,0.0089,0.0109,0.001,0.0005,0.0004,0.0084,0.001,0.0008,0.001,0.0011,0.001,0.1885,0.0005,0.0032,0.0005,0.0004,0.0018,0.0018,0.0005,0.0011,0.0011,0.007,0.0127,0.0113,0.0401,0.0026,0.0003,0.0014,0.0006,0.0015,0.0936
21,Mahottari,6,Mahottari 6,0.0015,0.023,0.0202,0.1887,0.003,0.0075,0.0077,0.0139,0.0102,0.0006,0.0006,0.0796,0.0005,0.0009,0.0037,0.1504,0.0006,0.0003,0.0014,0.0003,0.0018,0.0007,0.0013,0.0032,0.0021,0.0009,0.0007,0.0005,0.0114,0.0006,0.0012,0.0023,0.0006,0.0014,0.142,0.0004,0.0016,0.0005,0.0004,0.0026,0.0019,0.012,0.0016,0.0027,0.0064,0.0613,0.0112,0.098,0.0018,0.0005,0.004,0.0004,0.001,0.1065
31,Makwanpur,1,Makwanpur 1,0.0003,0.2143,0.0338,0.4826,0.0007,0.0043,0.0003,0.0202,0.0002,0.0012,0.0001,0.0118,0.0002,0.0004,0.0004,0.0004,0.0002,0.0002,0.0001,0.0002,0.0002,0.0005,0.0005,0.0002,0.0003,0.0034,0.0006,0.0001,0.0012,0.0002,0.0011,0.0001,0.0001,0.0032,0.1529,0.0002,0.0037,0.0001,0.0004,0.0004,0.0017,0.0006,0.0021,0.0001,0.0026,0.0103,0.0342,0.0003,0.0025,0,0.0006,0.0002,0.0013,0.0021
31,Makwanpur,2,Makwanpur 2,0.0004,0.2727,0.0344,0.4305,0.001,0.0018,0.0004,0.0182,0.0002,0.0015,0.0001,0.0654,0.0002,0.0001,0.0004,0.0006,0.0002,0.0002,0.0002,0.0001,0.0014,0.0004,0.0002,0.0004,0.0002,0.0021,0.0004,0.0001,0.0009,0.0004,0.0003,0.0002,0.0002,0.0022,0.0793,0.0003,0.0039,0.0003,0.0002,0.0004,0.0126,0.0008,0.002,0.0003,0.0026,0.034,0.0175,0.0002,0.0027,0.0002,0.001,0.0007,0.0013,0.0014
31,Makwanpur,3,Makwanpur 3,0.0007,0.2619,0.0395,0.3861,0.0009,0.0018,0.0005,0.0142,0.0002,0.0077,0.0003,0.0114,0.0004,0.0001,0.0004,0.0024,0.0001,0.0006,0.0001,0.0003,0.0074,0.0003,0.0003,0.0003,0.0001,0.0017,0.0007,0.0001,0.0012,0.0002,0.0002,0.0002,0.0002,0.0019,0.1507,0.0003,0.0026,0.0002,0.0002,0.0004,0.0016,0.0004,0.001,0.0002,0.0024,0.0123,0.0717,0.0003,0.0018,0.0001,0.0007,0.0003,0.0043,0.0044
31,Makwanpur,4,Makwanpur 4,0.0003,0.2986,0.0439,0.3898,0.0008,0.0033,0.0005,0.0209,0.0003,0.0077,0.0002,0.0488,0.0001,0.0002,0.0003,0.0009,0.0007,0.0002,0.0002,0.0002,0.0004,0.0006,0.0004,0.0004,0.0004,0.0009,0.0003,0.0002,0.002,0.0004,0.0002,0.0001,0.0005,0.0013,0.1117,0.0004,0.0048,0.0003,0.0002,0.0004,0.0105,0.0007,0.0017,0.0001,0.0034,0.0223,0.0102,0.0002,0.0033,0.0003,0.0014,0.0002,0.0011,0.0009
37,Manang,1,Manang 1,0,0.0889,0.0167,0.3397,0.0003,0.0009,0.0003,0.0098,0,0.0003,0.0003,0.0173,0.0003,0,0.0003,0.0014,0.0003,0.0003,0.0003,0.0006,0,0.0003,0.0009,0.0009,0.0003,0.0012,0,0.0003,0.0003,0,0.0003,0,0,0,0.4116,0.0003,0.0012,0.0006,0,0.0012,0.0012,0.0009,0.0006,0,0.0037,0.0897,0.0029,0.0003,0.0017,0.0003,0,0.0003,0.0003,0.0014
9,Morang,1,Morang 1,0.0014,0.1799,0.0212,0.1673,0.0035,0.0019,0.0042,0.0131,0.0026,0.0182,0.0008,0.0043,0.0004,0.0006,0.0094,0.1712,0.001,0.0005,0.0005,0.0001,0.0028,0.0008,0.001,0.0028,0.0029,0.0011,0.0011,0.0001,0.0045,0.0008,0.0007,0.0011,0.0007,0.0056,0.2188,0.0006,0.0035,0.0002,0.0004,0.0006,0.0016,0.0011,0.0014,0.0009,0.0042,0.0235,0.0074,0.0944,0.0024,0.0002,0.0019,0.0003,0.0036,0.0049
9,Morang,2,Morang 2,0.001,0.2608,0.0293,0.344,0.0014,0.0024,0.0008,0.0221,0.0008,0.0204,0.0008,0.0127,0.0014,0.0002,0.0007,0.034,0.0004,0.0005,0.0006,0.0003,0.0016,0.0009,0.0006,0.0007,0.0008,0.0055,0.0008,0.0002,0.0028,0.0002,0.0004,0.0008,0.0005,0.0005,0.2057,0.0004,0.005,0.0004,0.0005,0.0005,0.0019,0.0025,0.0013,0.0003,0.0036,0.0117,0.0017,0.0012,0.0025,0.0004,0.0009,0.0003,0.0065,0.0018
9,Morang,3,Morang 3,0.0009,0.215,0.0325,0.3021,0.0029,0.004,0.0014,0.0216,0.0003,0.0207,0.0004,0.0057,0.0051,0.0002,0.0072,0.0678,0.0024,0.0006,0.0002,0.0002,0.0012,0.0005,0.0005,0.0018,0.0062,0.0019,0.0009,0.0003,0.0025,0.0004,0.0005,0.001,0.0007,0.0026,0.218,0.0004,0.0042,0.0004,0.0004,0.0004,0.0023,0.0148,0.0014,0.0005,0.0054,0.023,0.0024,0.0046,0.0023,0.0004,0.0007,0.0004,0.0037,0.002
9,Morang,4,Morang 4,0.0026,0.1332,0.0306,0.1893,0.0044,0.0028,0.0043,0.0195,0.0106,0.0014,0.0013,0.0071,0.0027,0.0002,0.0078,0.2127,0.0014,0.0018,0.0009,0.0002,0.0025,0.0005,0.001,0.0046,0.0058,0.0029,0.0097,0.0005,0.0129,0.0011,0.0023,0.004,0.0008,0.0018,0.1854,0.0007,0.007,0.0003,0.0004,0.0005,0.0024,0.001,0.0023,0.0011,0.0077,0.0129,0.0037,0.0817,0.0026,0.0006,0.0021,0.0005,0.0012,0.0007
9,Morang,5,Morang 5,0.0015,0.0629,0.0087,0.0945,0.0024,0.0011,0.0013,0.0053,0.0028,0.0009,0.001,0.0052,0.0007,0.0005,0.0009,0.5566,0.001,0.0002,0.0013,0.0002,0.0044,0.0001,0.0012,0.0026,0.0008,0.0005,0.0004,0.0004,0.0106,0.0006,0.0012,0.0024,0.0002,0.0013,0.182,0.0003,0.0034,0.0004,0.0003,0.0003,0.0007,0.0004,0.0026,0.001,0.0018,0.0084,0.0044,0.0095,0.0011,0.0021,0.0017,0.0002,0.0008,0.0026
9,Morang,6,Morang 6,0.0035,0.1475,0.0146,0.1112,0.0027,0.0023,0.0019,0.0075,0.0018,0.0011,0.0021,0.0038,0.0004,0.0004,0.0011,0.3499,0.0007,0.0002,0.0007,0.0002,0.0054,0.0002,0.0006,0.0055,0.0017,0.0014,0.0002,0.0003,0.0083,0.0008,0.0006,0.0028,0.0005,0.001,0.2569,0.0005,0.0034,0.0005,0.0003,0.0005,0.0008,0.001,0.0012,0.0005,0.0039,0.0064,0.0242,0.0045,0.0008,0.0004,0.0008,0.0005,0.0005,0.0092
9,Morang,7,Morang 7,0.0041,0.1252,0.0148,0.1267,0.0024,0.0034,0.0012,0.0083,0.0009,0.001,0.0019,0.0053,0.0005,0.0004,0.0017,0.3502,0.0006,0.0004,0.001,0.0003,0.0083,0.0003,0.0009,0.0018,0.0028,0.004,0.0006,0.0002,0.0056,0.0007,0.0012,0.0018,0.0003,0.0014,0.2685,0.0003,0.0064,0.0003,0.0003,0.0005,0.0006,0.0007,0.0013,0.0005,0.0035,0.0086,0.0155,0.006,0.001,0.0006,0.0013,0.0002,0.0007,0.003
9,Morang,8,Morang 8,0.0009,0.2959,0.034,0.332,0.0018,0.0052,0.0006,0.0222,0.0002,0.004,0.0006,0.0058,0.0026,0.0001,0.0007,0.0353,0.0008,0.0006,0.0003,0.0003,0.002,0.0007,0.0007,0.0008,0.0008,0.0032,0.0005,0.0003,0.0016,0.0006,0.0003,0.0007,0.0008,0.0009,0.1971,0.0005,0.0052,0.0002,0.0003,0.0005,0.002,0.0034,0.0016,0.0002,0.0076,0.0112,0.003,0.0004,0.0025,0.0006,0.0007,0.0005,0.0042,0.0005
9,Morang,9,Morang 9,0.0005,0.2686,0.0291,0.3233,0.0011,0.0027,0.0007,0.0201,0.0003,0.0474,0.0003,0.0053,0.0011,0.0002,0.0008,0.0065,0.0012,0.0007,0.0028,0.0001,0.0036,0.0021,0.0004,0.0002,0.0008,0.0116,0.0002,0.0002,0.0008,0.0003,0.0001,0.0002,0.0005,0.0006,0.2261,0.0004,0.0035,0.0003,0.0003,0.0004,0.0014,0.0019,0.0013,0.0002,0.0058,0.0151,0.0013,0.0002,0.0025,0.0002,0.0014,0.0005,0.0026,0.0004
58,Mugu,1,Mugu 1,0.0001,0.2479,0.0087,0.3891,0.0009,0.0032,0.0003,0.0049,0.0002,0.0003,0.0001,0.009,0.0002,0,0.0001,0.0006,0.0001,0.0003,0.0001,0.0004,0,0.0003,0.0003,0.0012,0.0002,0.0001,0.0008,0.0001,0.0003,0.0001,0,0,0.0003,0.006,0.2134,0.0002,0.0039,0.0001,0.0002,0,0.0133,0.0005,0.0031,0,0.0256,0.0271,0.0006,0.0001,0.0344,0.0003,0.0003,0.0004,0.0004,0.0001
48,Mustang,1,Mustang 1,0.0001,0.393,0.01,0.1324,0.0012,0.0023,0.0006,0.006,0.001,0.0007,0.0004,0.0179,0.0003,0.0003,0.0009,0.0001,0,0.0001,0.0001,0.0001,0.0003,0.0004,0.0003,0.0006,0.0007,0.0004,0.0195,0,0.0003,0.0001,0,0.0001,0.0007,0.0013,0.3583,0,0.0069,0.0003,0.0006,0.0004,0.0025,0.0003,0.0003,0.0004,0.0028,0.0154,0.0126,0.0003,0.0022,0.0001,0.001,0.0006,0.0013,0.001
49,Myagdi,1,Myagdi 1,0.0011,0.2673,0.0254,0.4292,0.0026,0.0097,0.0009,0.0283,0.0004,0.0008,0.0002,0.0128,0.0001,0.0004,0.0008,0.0006,0.0002,0.0002,0.0001,0.0004,0.0004,0.0009,0.0005,0.0005,0.0004,0.0005,0.0006,0.0008,0.001,0.0002,0.0003,0.0002,0.0004,0.0015,0.1588,0.0004,0.0036,0.0003,0.0008,0.0005,0.004,0.0056,0.0013,0.0002,0.0026,0.0171,0.0063,0.0002,0.0047,0.0003,0.0006,0.0006,0.0015,0.0009
45,Nawalparasi,1,Nawalparasi 1,0.0002,0.1757,0.0268,0.3181,0.0006,0.0018,0.0004,0.012,0.0003,0.0002,0.0004,0.0068,0.0002,0.0001,0.0004,0.0005,0.0001,0.0004,0,0.0001,0.0001,0.0003,0.0005,0.0002,0.0003,0.0041,0.0006,0.0003,0.0005,0.0002,0.0001,0,0.0003,0.0005,0.357,0.0002,0.002,0.0001,0.0003,0.0004,0.0132,0.0484,0.0006,0.0001,0.0065,0.0097,0.0023,0.0004,0.002,0.0001,0.0006,0.0005,0.002,0.0006
45,Nawalparasi,2,Nawalparasi 2,0.0004,0.2492,0.025,0.2968,0.0004,0.0021,0.0003,0.0129,0.0002,0.0007,0.0001,0.0278,0.0001,0.0001,0.0005,0.0007,0.0002,0.0002,0.0001,0.0003,0.0002,0.0009,0.0003,0.0002,0.0002,0.0055,0.0015,0.0008,0.0004,0.0001,0.0002,0.0001,0.0002,0.0008,0.2777,0.0002,0.0023,0.0002,0.0002,0.0004,0.0069,0.0603,0.0009,0.0001,0.0056,0.0067,0.0015,0.0006,0.0024,0.0001,0.0009,0.0006,0.0022,0.0007
45,Nawalparasi,3,Nawalparasi 3,0.0002,0.2418,0.0337,0.3461,0.0008,0.0009,0.0015,0.0118,0.0004,0.0008,0.0005,0.0067,0.0002,0,0.0003,0.0034,0.0003,0.0002,0.0002,0.0002,0.0003,0.0006,0.0003,0.0001,0.0002,0.0048,0.0005,0.0002,0.0035,0.0001,0.0011,0.0003,0.0008,0.0008,0.2215,0.0009,0.0021,0.0004,0.0003,0.0001,0.0174,0.0664,0.0007,0.0001,0.0025,0.0167,0.0006,0.0011,0.0017,0.0002,0.0004,0.0003,0.0012,0.0018
45,Nawalparasi,4,Nawalparasi 4,0.0007,0.1703,0.0304,0.2699,0.0022,0.0013,0.0018,0.0115,0.0002,0.0005,0.0002,0.005,0.0002,0.0006,0.0043,0.0634,0.0004,0.0002,0.0004,0.0004,0.0014,0.0005,0.0005,0.0011,0.0022,0.0029,0.0004,0.0003,0.0021,0.0005,0.0003,0.0007,0.0004,0.0007,0.1137,0.0025,0.0019,0.0001,0.0004,0.0012,0.007,0.0211,0.0009,0.0003,0.002,0.0714,0.0112,0.0841,0.0019,0.0002,0.0009,0.0004,0.0005,0.1007
45,Nawalparasi,5,Nawalparasi 5,0.0012,0.0736,0.023,0.223,0.0017,0.0026,0.0022,0.0116,0.0004,0.0003,0.0006,0.0039,0.0002,0.0008,0.0017,0.2499,0.0006,0.0004,0.0004,0.0002,0.001,0.0004,0.0021,0.0061,0.001,0.0009,0.0004,0.0003,0.011,0.0006,0.0004,0.0024,0.0002,0.0005,0.18,0.0004,0.0017,0.0004,0.0007,0.0014,0.0013,0.0216,0.0008,0.0015,0.0014,0.0241,0.0137,0.0108,0.0013,0.0004,0.0003,0.0003,0.0004,0.1119
45,Nawalparasi,6,Nawalparasi 6,0.001,0.0904,0.019,0.1624,0.0026,0.0013,0.0009,0.0129,0.0014,0.0006,0.0003,0.0042,0.0002,0.0015,0.0005,0.1618,0.0005,0.0001,0.0007,0.0004,0.0011,0.0004,0.0103,0.002,0.0009,0.0011,0.0003,0.0001,0.0066,0.0006,0.0007,0.0014,0.0014,0.0007,0.2029,0.0004,0.0018,0.0006,0.0005,0.0028,0.0097,0.0226,0.0012,0.0013,0.0016,0.0232,0.0179,0.002,0.0023,0.0003,0.0005,0.0004,0.0007,0.2168
25,Nuwakot,1,Nuwakot 1,0.0003,0.1319,0.0399,0.4,0.0006,0.0048,0.0006,0.0208,0.0002,0.0006,0.0003,0.0092,0.0001,0.0002,0.0006,0.0009,0.0001,0.0002,0.0001,0.0001,0.0001,0.0004,0.0004,0.0002,0.0003,0.0006,0.0003,0.0003,0.0006,0.0006,0.0004,0.0001,0.0004,0.0013,0.2472,0.0003,0.0032,0.0001,0.0003,0.0005,0.0012,0.0005,0.0013,0.0001,0.1088,0.0108,0.0014,0.0001,0.0043,0.0001,0.0004,0.0007,0.001,0.0003
25,Nuwakot,2,Nuwakot 2,0.0005,0.1151,0.0314,0.3631,0.0009,0.0036,0.0006,0.0185,0.0001,0.0003,0.0002,0.0111,0.0001,0.0001,0.0004,0.0005,0,0.0002,0.0004,0.0002,0.0002,0.0005,0.0004,0.0003,0.0003,0.0005,0.0003,0.0003,0.0005,0.0002,0.0001,0,0.0002,0.0021,0.3565,0.0002,0.0043,0.0002,0.0004,0.0004,0.001,0.0006,0.0015,0.0001,0.0287,0.0424,0.0012,0.0002,0.0059,0.0002,0.0005,0.0007,0.0015,0.0003
25,Nuwakot,3,Nuwakot 3,0.0004,0.1605,0.0298,0.3459,0.0008,0.0046,0.001,0.0251,0.0001,0.0009,0.0003,0.0088,0.0001,0.0002,0.0007,0.0008,0.0001,0.0002,0.0001,0.0001,0.0008,0.002,0.0005,0.0004,0.0003,0.0016,0.0003,0.0002,0.0008,0.0005,0.0002,0.0002,0.0002,0.0019,0.2982,0.0002,0.0031,0.0002,0.0003,0.0005,0.0014,0.0007,0.0017,0.0001,0.0732,0.013,0.0036,0.0002,0.0097,0.0004,0.0006,0.0013,0.0007,0.0006
13,Okhaldhunga,1,Okhaldhunga 1,0.0008,0.2586,0.0253,0.3184,0.0019,0.0039,0.001,0.0235,0.0003,0.0009,0.0005,0.0249,0.0003,0.0002,0.0011,0.0015,0.0003,0.0007,0.0006,0.0004,0.0003,0.0005,0.0006,0.0005,0.0002,0.0019,0.0002,0.0002,0.0005,0.0002,0.0004,0.0006,0.0005,0.0011,0.2877,0.0002,0.0063,0.0006,0.0005,0.0007,0.0016,0.0006,0.0016,0.0002,0.0045,0.0104,0.0008,0.0001,0.0049,0.0007,0.0009,0.0007,0.0036,0.0007
13,Okhaldhunga,2,Okhaldhunga 2,0.0011,0.2563,0.0259,0.3199,0.0013,0.0029,0.001,0.0219,0.0005,0.0009,0.0011,0.0119,0.0003,0.0002,0.0011,0.0018,0.0002,0.0033,0.0003,0.0003,0.0007,0.0007,0.0007,0.0008,0.0005,0.0011,0.0004,0.0008,0.001,0.0002,0.0004,0.0004,0.0005,0.001,0.2942,0.0006,0.0086,0.0006,0.0012,0.0009,0.0016,0.0006,0.0019,0,0.0035,0.0152,0.0005,0.0004,0.0041,0.0004,0.0007,0.0008,0.0025,0.0005
2,Paanchthar,1,Paanchthar 1,0.0005,0.2787,0.02,0.2245,0.0013,0.0048,0.0002,0.0122,0.0001,0.0838,0.0005,0.0076,0.0009,0.0001,0.0012,0.0006,0.0043,0.0009,0.0001,0.0001,0.0003,0.0004,0.0005,0.0005,0.0009,0.0019,0.0003,0.0004,0.0007,0.0001,0.0001,0.0001,0.0007,0.0011,0.2787,0.0004,0.0047,0.0004,0.0003,0.0008,0.0007,0.0031,0.0006,0.0002,0.0032,0.0269,0.0229,0.0002,0.0017,0.0003,0.0003,0.0006,0.002,0.0018
2,Paanchthar,2,Paanchthar 2,0.0003,0.2814,0.024,0.1468,0.0008,0.0039,0.0005,0.0128,0.0002,0.1248,0.0005,0.023,0.0001,0.0003,0.0009,0.0011,0.0006,0.0004,0.0001,0.0018,0.0003,0.0003,0.0003,0.0005,0.0006,0.001,0.0005,0.0004,0.0005,0.0003,0.0001,0.0001,0.001,0.0016,0.2628,0.0003,0.0039,0.0002,0.0004,0.0011,0.0005,0.0038,0.0015,0.0003,0.002,0.0095,0.0679,0.0003,0.0021,0.0001,0.0012,0.0002,0.0034,0.0066
43,Palpa,1,Palpa 1,0.0004,0.4612,0.0122,0.1521,0.0008,0.0035,0.0003,0.0119,0.0002,0.0002,0.0001,0.0125,0.0003,0.0002,0.0006,0.0002,0.0001,0.0001,0.0001,0.0001,0.0003,0.0004,0.0005,0.0003,0.0003,0.0005,0.0008,0.0003,0.0005,0,0.0002,0.0002,0.0004,0.0007,0.3032,0.0004,0.0036,0.0002,0.0004,0.0003,0.0058,0.0031,0.0007,0.0001,0.0016,0.0124,0.0004,0,0.0026,0.0003,0.0004,0.0004,0.001,0.0006
43,Palpa,2,Palpa 2,0.0005,0.2738,0.035,0.3062,0.0013,0.0015,0.0008,0.0195,0.0001,0.0004,0.0005,0.013,0.0003,0,0.0008,0.0004,0.0002,0.0003,0.0001,0.0003,0.0003,0.0008,0.0005,0.0003,0.0004,0.0008,0.0008,0.0003,0.0005,0.0003,0.0002,0.0001,0.0006,0.001,0.2585,0.0003,0.003,0.0004,0.0006,0.0005,0.0051,0.0513,0.0012,0.0002,0.0028,0.0084,0.0006,0.0001,0.0027,0.0002,0.0009,0.0004,0.0007,0.0004
43,Palpa,3,Palpa 3,0.0003,0.3123,0.0219,0.2642,0.0009,0.0016,0.0009,0.0202,0.0002,0.0004,0.0002,0.0105,0.0002,0.0001,0.0004,0.0006,0.0002,0.0003,0.0001,0.0003,0.0067,0.0006,0.0005,0.0002,0.0002,0.0005,0.0004,0.0001,0.0006,0.0001,0.0002,0.0001,0.0004,0.0008,0.3026,0.0001,0.0019,0.0001,0.0003,0.0002,0.0082,0.0151,0.0012,0,0.002,0.0151,0.0015,0.0001,0.0022,0.0001,0.0005,0.0003,0.0008,0.0006
34,Parsa,1,Parsa 1,0.0054,0.0665,0.0042,0.0458,0.0017,0.0008,0.0011,0.0027,0.0014,0.0004,0.0031,0.0046,0.0001,0.0006,0.0022,0.3342,0.0006,0.0002,0.0007,0,0.0059,0.0002,0.0192,0.0039,0.0007,0.0009,0.0004,0.0002,0.0066,0.0008,0.0002,0.001,0.0003,0.0006,0.2254,0.0003,0.0033,0.0002,0.0002,0.0006,0.0014,0.0003,0.0007,0.0007,0.0022,0.129,0.021,0.025,0.0006,0.0002,0.0006,0.0002,0.0002,0.0711
34,Parsa,2,Parsa 2,0.0022,0.1407,0.0077,0.066,0.0027,0.0009,0.0012,0.0052,0.0111,0.0112,0.0004,0.0071,0.0001,0.0006,0.0029,0.2266,0.001,0.0001,0.0006,0.0003,0.0021,0.0004,0.0125,0.0031,0.0009,0.0003,0.0056,0.0002,0.0065,0.0005,0.0005,0.0011,0.0004,0.0045,0.1979,0.0003,0.0034,0.0003,0.0003,0.0009,0.0084,0.0003,0.0041,0.0008,0.0045,0.1144,0.0761,0.0176,0.0015,0.0002,0.0009,0.0044,0.0004,0.0357
34,Parsa,3,Parsa 3,0.0011,0.1152,0.0096,0.0877,0.0025,0.0013,0.0019,0.0056,0.0019,0.0068,0.0004,0.0043,0.0002,0.0017,0.0045,0.0793,0.0005,0.0001,0.0003,0.0002,0.0016,0.0004,0.0015,0.0012,0.0022,0.0012,0.0004,0.0002,0.0109,0.0005,0.0006,0.0013,0.0005,0.0035,0.2407,0.0002,0.0025,0.0003,0.0002,0.0019,0.0047,0.0005,0.0012,0.0005,0.0027,0.0318,0.0394,0.0816,0.0017,0.0003,0.001,0.0003,0.0008,0.2367
34,Parsa,4,Parsa 4,0.0006,0.2106,0.0098,0.084,0.0016,0.0011,0.001,0.0053,0.0005,0.0033,0.0002,0.0076,0.0001,0.001,0.0034,0.0822,0.0005,0.0001,0.0005,0.0002,0.001,0.0003,0.0026,0.0011,0.0013,0.0009,0.0005,0.0003,0.0159,0.0002,0.0003,0.0022,0.0003,0.0037,0.2289,0.0002,0.0042,0.0003,0.0003,0.0011,0.0014,0.0003,0.0009,0.0005,0.0017,0.0429,0.0171,0.0477,0.003,0.0002,0.0004,0.0003,0.0009,0.2035
34,Parsa,5,Parsa 5,0.0004,0.1238,0.0103,0.1212,0.0018,0.0012,0.0015,0.0061,0.001,0.0085,0.0006,0.0059,0.0003,0.0005,0.0037,0.1883,0.0006,0.0002,0.0008,0.0002,0.0017,0.0002,0.0022,0.0031,0.0015,0.0008,0.0038,0.0002,0.0069,0.0006,0.0004,0.0007,0.0002,0.0028,0.2944,0.0003,0.0022,0.0001,0.0002,0.0004,0.0011,0.0009,0.0011,0.0008,0.0016,0.0087,0.0054,0.1093,0.0014,0.0002,0.0011,0.0001,0.001,0.0675
51,Parvat,1,Parvat 1,0.0003,0.2552,0.0226,0.3142,0.0007,0.003,0.0008,0.0174,0.0002,0.0003,0.0005,0.0147,0,0.0001,0.0006,0.0004,0.0002,0.0003,0,0.0001,0.0002,0.0003,0.0003,0,0.0002,0.0006,0.0006,0.0001,0.0004,0.0002,0.0001,0.0001,0.0003,0.001,0.3286,0.0001,0.0016,0.0001,0.0001,0.0001,0.0026,0.0052,0.0013,0.0001,0.0018,0.0162,0.0015,0.0001,0.0018,0.0001,0.0012,0.0004,0.0007,0.0003
51,Parvat,2,Parvat 2,0.0003,0.2535,0.0221,0.3952,0.0008,0.005,0.0011,0.0196,0.0002,0.0005,0.0002,0.0132,0,0.0002,0.0006,0.0001,0.0001,0.0003,0.0001,0.0001,0.0004,0.0005,0.0003,0.0002,0.0001,0.0008,0.0006,0.0001,0.0004,0.0003,0.0001,0,0.0002,0.0012,0.2261,0.0002,0.002,0.0002,0.0003,0.0002,0.0165,0.0112,0.0012,0.0002,0.002,0.0151,0.0012,0.0002,0.0029,0,0.0007,0.0003,0.0009,0.0003
54,Pyuthan,1,Pyuthan 1,0.0008,0.2111,0.0207,0.3105,0.0016,0.0181,0.0006,0.0154,0.0002,0.0007,0.0002,0.0163,0.0003,0.0002,0.0008,0.0006,0.0001,0.0001,0.0002,0.0003,0.0004,0.0006,0.0007,0.0007,0.0003,0.0009,0.0003,0.0004,0.0008,0.0003,0.0003,0.0002,0.0051,0.0016,0.1178,0.0004,0.0058,0.0005,0.0005,0.0005,0.2298,0.0012,0.001,0.0004,0.0021,0.0215,0.0005,0.0001,0.0037,0.0003,0.0006,0.0007,0.0013,0.0002
54,Pyuthan,2,Pyuthan 2,0.001,0.1843,0.0205,0.276,0.0027,0.0279,0.001,0.0153,0.0004,0.0006,0.0002,0.0168,0.0003,0.0001,0.0008,0.0005,0.0003,0.0002,0.0003,0.0004,0.0005,0.0007,0.0007,0.001,0.0005,0.0002,0.0004,0.0003,0.001,0.0003,0.0003,0.0001,0.0051,0.0014,0.1812,0.0006,0.0058,0.0008,0.0005,0.0007,0.2065,0.0009,0.0014,0.0006,0.0023,0.0299,0.0002,0.0003,0.003,0.0004,0.0006,0.0008,0.0012,0.0003
18,Ramechhap,1,Ramechhap 1,0.0012,0.1787,0.0364,0.4017,0.0024,0.0052,0.0013,0.0319,0.0003,0.0072,0.0006,0.0182,0.0005,0.0003,0.0013,0.0012,0.0014,0.0006,0.0004,0.0005,0.0007,0.0012,0.0012,0.0011,0.0009,0.0006,0.0003,0.0003,0.0019,0.0004,0.0005,0.0002,0.0007,0.002,0.2262,0.0006,0.0085,0.0011,0.0008,0.0012,0.0034,0.001,0.0028,0.0003,0.0071,0.0237,0.0008,0.0002,0.0102,0.0008,0.0009,0.0013,0.004,0.0014
18,Ramechhap,2,Ramechhap 2,0.0004,0.1358,0.026,0.5421,0.0005,0.0093,0.0005,0.0131,0.0002,0.014,0.0009,0.0852,0.0001,0.0001,0.0005,0.0008,0.0014,0.0001,0.0001,0.0002,0.0004,0.0006,0.0004,0.0004,0.0004,0.0003,0.0004,0.0002,0.0006,0.0002,0.0002,0.0001,0.0005,0.0015,0.1118,0.0006,0.0033,0.0004,0.0004,0.0003,0.0098,0.0032,0.0015,0.0001,0.0073,0.0111,0.0009,0.0001,0.0026,0.0003,0.0012,0.0004,0.0058,0.001
23,Rasuwa,1,Rasuwa 1,0.0005,0.2477,0.0286,0.4593,0.0016,0.0023,0.0006,0.0169,0.0001,0.0004,0.0002,0.0095,0.0002,0.0002,0.0004,0.0007,0.0018,0.0001,0.0004,0.0003,0.0002,0.0009,0.0003,0.0002,0.0002,0.0003,0.0009,0.0002,0.0006,0.0003,0.0003,0.0001,0.0006,0.0045,0.1655,0.0003,0.0043,0.0002,0.0006,0.0011,0.0022,0.0003,0.0023,0.0002,0.0123,0.011,0.0022,0.0003,0.0083,0.0002,0.0005,0.001,0.0051,0.0008
32,Rautahat,1,Rautahat 1,0.002,0.1137,0.0164,0.0919,0.0023,0.0016,0.006,0.0156,0.0231,0.0005,0.0009,0.004,0.0005,0.0015,0.0054,0.2035,0.0088,0.0027,0.0016,0.0004,0.0017,0.0004,0.0013,0.0024,0.0023,0.0011,0.0005,0.0009,0.0078,0.0011,0.0015,0.0025,0.0009,0.0031,0.1252,0.0012,0.0431,0.0095,0.0005,0.0035,0.0022,0.0005,0.003,0.001,0.0062,0.0064,0.0098,0.1608,0.0025,0.0006,0.0028,0.0008,0.001,0.0896
32,Rautahat,2,Rautahat 2,0.0007,0.1469,0.011,0.1127,0.0024,0.0025,0.0016,0.013,0.0011,0.0006,0.0013,0.0042,0.0001,0.0012,0.0013,0.3006,0.0003,0.0002,0.0012,0.0003,0.001,0.0002,0.0008,0.0019,0.0009,0.0005,0.0004,0.0003,0.0041,0.0005,0.0004,0.0005,0.0005,0.0006,0.2449,0.0003,0.0053,0.0005,0.0005,0.0023,0.0008,0.0002,0.0027,0.0008,0.0032,0.0052,0.0111,0.0149,0.0028,0.0001,0.0007,0.0003,0.0007,0.0868
32,Rautahat,3,Rautahat 3,0.001,0.0979,0.0159,0.2619,0.0038,0.0185,0.0022,0.0236,0.0095,0.0005,0.0008,0.0056,0.0003,0.0012,0.0016,0.2561,0.0037,0.0003,0.0012,0.0005,0.001,0.0004,0.0013,0.0066,0.0014,0.0008,0.0007,0.0007,0.0091,0.0012,0.0009,0.0024,0.0005,0.004,0.0966,0.0011,0.0121,0.001,0.0006,0.003,0.0026,0.0005,0.0033,0.0015,0.0019,0.0093,0.011,0.0273,0.0029,0.0004,0.001,0.001,0.0006,0.0852
32,Rautahat,4,Rautahat 4,0.0017,0.123,0.0113,0.1925,0.0026,0.002,0.0019,0.0102,0.0044,0.0004,0.0008,0.0161,0.0002,0.0013,0.0007,0.2343,0.0007,0.0002,0.0014,0.0005,0.0006,0.0006,0.002,0.0045,0.0023,0.0005,0.0004,0.0006,0.0087,0.0006,0.0005,0.0018,0.0008,0.0025,0.1623,0.0007,0.0082,0.0004,0.0003,0.0019,0.0013,0.0006,0.0014,0.0054,0.0017,0.0053,0.0093,0.0071,0.0018,0.0003,0.0008,0.0004,0.0005,0.1573
32,Rautahat,5,Rautahat 5,0.0016,0.1244,0.0258,0.2678,0.0045,0.0078,0.0046,0.0257,0.0084,0.0006,0.0004,0.0046,0.0005,0.0021,0.0014,0.1103,0.0006,0.0002,0.0009,0.0004,0.0009,0.0006,0.0012,0.0029,0.0133,0.0013,0.0007,0.0004,0.0113,0.0008,0.0006,0.0021,0.0009,0.0087,0.1357,0.0009,0.008,0.0005,0.0009,0.0033,0.0022,0.0009,0.0063,0.0005,0.0027,0.0079,0.0213,0.0145,0.0041,0.0003,0.0008,0.0009,0.0016,0.1483
32,Rautahat,6,Rautahat 6,0.0175,0.198,0.0215,0.2318,0.0031,0.002,0.0036,0.0184,0.0226,0.0009,0.0004,0.0076,0.0004,0.0014,0.0042,0.0372,0.0005,0.0002,0.0007,0.0002,0.0009,0.0015,0.0012,0.0014,0.0035,0.0015,0.0005,0.0007,0.0014,0.0003,0.0013,0.0004,0.0005,0.0035,0.1356,0.0005,0.0064,0.0005,0.0003,0.0023,0.0042,0.0009,0.0016,0.0011,0.0029,0.0096,0.0149,0.084,0.0023,0.0003,0.0013,0.0014,0.0093,0.1297
53,Rolpa,1,Rolpa 1,0.0009,0.0567,0.0305,0.6314,0.0041,0.0028,0.0015,0.0164,0.0004,0.0011,0.0005,0.0116,0.0004,0.0007,0.0019,0.0009,0.0003,0.0002,0.0007,0.0007,0.0009,0.0013,0.0014,0.0012,0.0008,0.0012,0.001,0.0007,0.0021,0.0004,0.0007,0.0004,0.0014,0.0027,0.123,0.001,0.008,0.001,0.0014,0.0021,0.0148,0.0013,0.0026,0.0007,0.0104,0.04,0.003,0.0004,0.004,0.0013,0.0011,0.0014,0.0014,0.001
53,Rolpa,2,Rolpa 2,0.0007,0.1138,0.0177,0.6903,0.0019,0.0018,0.0006,0.0089,0.0004,0.0004,0.0001,0.0079,0.0001,0.0002,0.001,0.0003,0.0003,0.0003,0.0002,0.0002,0.0004,0.0005,0.0006,0.0007,0.0004,0.0003,0.0003,0.0003,0.0007,0.0001,0.0003,0.0002,0.0005,0.0017,0.1073,0.0006,0.0068,0.0004,0.0008,0.0009,0.0044,0.0008,0.0017,0.0003,0.0051,0.0095,0.0012,0.0001,0.0022,0.0004,0.0005,0.0011,0.0009,0.0006
52,Rukum,1,Rukum 1,0.0004,0.0921,0.0144,0.7153,0.0013,0.0006,0.0007,0.0103,0.0003,0.0004,0.0005,0.0087,0.0003,0.0005,0.0007,0.0008,0.0002,0.0005,0.0003,0.0001,0.0005,0.0006,0.0004,0.0007,0.0005,0.0003,0.0001,0.0005,0.0007,0.0004,0.0005,0.0002,0.0006,0.0005,0.1096,0.0003,0.0035,0.0004,0.0008,0.0007,0.0064,0.0008,0.001,0.0002,0.0044,0.0089,0.0009,0.0002,0.0038,0.0004,0.0009,0.0007,0.0005,0.0003
52,Rukum,2,Rukum 2,0.0004,0.1217,0.0093,0.6044,0.001,0.0011,0.0002,0.0065,0.0003,0.0004,0.0001,0.0143,0.0001,0.0001,0.0003,0.0007,0.0002,0.0001,0.0001,0.0001,0.0005,0.0004,0.0003,0.0002,0.0003,0.0002,0.0004,0.0002,0.0006,0.0001,0.0003,0.0001,0.0003,0.0018,0.1934,0.0003,0.0033,0.0003,0.0004,0.0004,0.0053,0.0006,0.0012,0.0002,0.0043,0.0149,0.001,0.0002,0.0052,0.0003,0.0003,0.0005,0.0006,0.0003
46,Rupandehi,1,Rupandehi 1,0.001,0.1971,0.026,0.2608,0.0025,0.0023,0.0031,0.0126,0.0002,0.0003,0.0004,0.0075,0.0002,0.0001,0.0013,0.0817,0.0011,0.0003,0.0002,0.0003,0.0012,0.0005,0.0007,0.001,0.0017,0.0034,0.0003,0.0003,0.0086,0.0006,0.0005,0.0015,0.0003,0.0012,0.2031,0.0002,0.0012,0.0001,0.0001,0.0003,0.0043,0.0141,0.0005,0.0003,0.0023,0.1138,0.0054,0.0107,0.0028,0.0001,0.0008,0.0004,0.0009,0.0178
46,Rupandehi,2,Rupandehi 2,0.0012,0.1917,0.0225,0.2058,0.0044,0.0031,0.0015,0.0113,0.0005,0.0012,0.0006,0.0043,0.0003,0.0007,0.0013,0.2142,0.0009,0.0006,0.0007,0.0006,0.0022,0.0007,0.0013,0.0022,0.0016,0.0017,0.0004,0.0004,0.017,0.002,0.0004,0.0029,0.0003,0.0007,0.1884,0.0003,0.0017,0.0003,0.0003,0.0011,0.0042,0.0349,0.0006,0.0012,0.0022,0.0129,0.0161,0.0055,0.002,0.0003,0.0006,0.0003,0.0004,0.0255
46,Rupandehi,3,Rupandehi 3,0.0003,0.2701,0.0202,0.2515,0.002,0.0019,0.0021,0.0072,0.0003,0.0003,0.0003,0.0051,0.0001,0.0002,0.0044,0.0101,0.0002,0.0003,0.0001,0.0002,0.0003,0.0004,0.0005,0.0003,0.0005,0.0017,0.0009,0.0001,0.0086,0.0002,0.0002,0.0009,0.0004,0.0015,0.2907,0.0001,0.0012,0.0001,0.0002,0.0004,0.0057,0.0473,0.0006,0.0002,0.0033,0.0122,0.006,0.0072,0.0019,0.0001,0.0002,0.0003,0.0005,0.0285
46,Rupandehi,4,Rupandehi 4,0.0002,0.2991,0.0227,0.3084,0.0008,0.0025,0.0025,0.0089,0.0001,0.0002,0.0002,0.0041,0.0001,0.0001,0.0005,0.0023,0.0001,0.0002,0,0.0001,0.0015,0.0007,0.0001,0.0003,0.0002,0.0041,0.0001,0,0.0062,0.0002,0.0001,0.0006,0.0001,0.0009,0.251,0.0001,0.0007,0.0001,0.0001,0.0003,0.0064,0.0441,0.0003,0,0.0031,0.0089,0.0071,0.0042,0.0011,0,0.0003,0.0002,0.0005,0.0031
46,Rupandehi,5,Rupandehi 5,0.0012,0.227,0.0197,0.2382,0.0022,0.0159,0.0019,0.009,0.0007,0.0004,0.0003,0.0037,0.0002,0.0003,0.0014,0.0896,0.0003,0.0002,0.0005,0.0003,0.0018,0.0007,0.0009,0.0014,0.002,0.0022,0.0012,0.0003,0.0543,0.0004,0.0004,0.0069,0.0004,0.0022,0.1823,0.0004,0.0022,0.0003,0.0002,0.0006,0.0108,0.0617,0.0006,0.0005,0.0037,0.0085,0.0017,0.0282,0.0017,0.0002,0.001,0.0006,0.001,0.0058
46,Rupandehi,6,Rupandehi 6,0.0019,0.0377,0.015,0.0776,0.0046,0.0053,0.0023,0.0109,0.0006,0.0007,0.0006,0.0036,0.0005,0.0029,0.0011,0.2814,0.0009,0.0004,0.0011,0.0004,0.0038,0.0005,0.0035,0.0079,0.0051,0.0016,0.0006,0.0005,0.0556,0.001,0.0006,0.0089,0.0006,0.0008,0.1355,0.0014,0.0016,0.0009,0.001,0.0055,0.0011,0.0016,0.0013,0.001,0.0051,0.0204,0.0302,0.0213,0.0017,0.0006,0.001,0.001,0.0007,0.227
46,Rupandehi,7,Rupandehi 7,0.0017,0.058,0.0144,0.1031,0.0048,0.0022,0.0027,0.0093,0.0007,0.0013,0.0007,0.0033,0.0005,0.0012,0.0032,0.2221,0.0009,0.0003,0.0012,0.0004,0.0033,0.0006,0.0035,0.0028,0.006,0.0014,0.0004,0.0005,0.0965,0.0007,0.0008,0.012,0.0005,0.0007,0.1154,0.0005,0.0018,0.0007,0.0008,0.0042,0.0012,0.0011,0.001,0.0006,0.0038,0.0346,0.0186,0.0825,0.0022,0.0004,0.0011,0.0004,0.0007,0.1671
55,Salyan,1,Salyan 1,0.0011,0.188,0.016,0.5108,0.0033,0.0034,0.0008,0.0187,0.0005,0.0008,0.0002,0.0137,0.0003,0.0003,0.0015,0.001,0.0004,0.0003,0.0005,0.0005,0.001,0.0015,0.001,0.0008,0.0008,0.001,0.0005,0.0005,0.0017,0.0003,0.0006,0.0002,0.0007,0.0021,0.1625,0.0003,0.0037,0.0008,0.0006,0.0007,0.0093,0.0011,0.0019,0.0005,0.0042,0.0297,0.0005,0.0002,0.004,0.0006,0.0006,0.0015,0.002,0.0006
55,Salyan,2,Salyan 2,0.0006,0.2602,0.0285,0.3574,0.0041,0.0039,0.0011,0.0217,0.0005,0.0006,0.0003,0.0099,0.0002,0.0002,0.001,0.001,0.0008,0.0005,0.0003,0.001,0.0005,0.001,0.0009,0.0009,0.0006,0.0007,0.0006,0.0005,0.001,0.0002,0.0006,0.0003,0.0005,0.0012,0.2218,0.0005,0.0044,0.0005,0.0006,0.001,0.0038,0.0028,0.0017,0.0004,0.0055,0.0448,0.0015,0.0002,0.003,0.0003,0.0005,0.0008,0.0018,0.0006
5,Sankhuwasabha,1,Sankhuwasabha 1,0.0005,0.2807,0.0271,0.3533,0.0012,0.0061,0.0007,0.0231,0.0001,0.0013,0.0003,0.0095,0.0003,0.0001,0.0006,0.0009,0.0022,0.0007,0.0002,0.0002,0.0005,0.0006,0.0006,0.0005,0.0002,0.0019,0.0018,0.0005,0.0005,0.0004,0.0002,0.0002,0.0006,0.0007,0.2317,0.0003,0.006,0.0003,0.0007,0.0008,0.0014,0.0085,0.0013,0.0003,0.0044,0.0183,0.0003,0,0.0025,0.0004,0.0008,0.0007,0.0027,0.0003
5,Sankhuwasabha,2,Sankhuwasabha 2,0.0005,0.3293,0.0319,0.2792,0.0009,0.0082,0.0004,0.0266,0.0002,0.0035,0.0004,0.0095,0.0001,0.0001,0.0007,0.0007,0.0002,0.0006,0.0002,0.0001,0.0011,0.0005,0.0005,0.0004,0.0007,0.0075,0.0003,0.0003,0.0011,0.0004,0.0004,0.0002,0.0002,0.0009,0.2425,0.0005,0.0066,0.0002,0.0006,0.0004,0.0011,0.0055,0.0011,0.0001,0.0168,0.0066,0.0004,0.0003,0.0035,0.0004,0.0009,0.0005,0.0033,0.0005
15,Saptari,1,Saptari 1,0.019,0.1286,0.0241,0.1698,0.0073,0.0024,0.0146,0.0187,0.025,0.0629,0.0013,0.0574,0.0003,0.0008,0.0032,0.1887,0.0011,0.0048,0.0011,0.0005,0.002,0.0012,0.0015,0.004,0.065,0.0014,0.0004,0.0006,0.0073,0.0009,0.0009,0.0022,0.001,0.002,0.067,0.008,0.0038,0.0003,0.0004,0.0008,0.0017,0.0008,0.0013,0.0122,0.0031,0.0122,0.0095,0.0141,0.0041,0.0003,0.0038,0.0005,0.0011,0.0331
15,Saptari,2,Saptari 2,0.0017,0.0724,0.0174,0.0853,0.0061,0.0017,0.0053,0.0117,0.0408,0.0005,0.0004,0.0129,0.0003,0.001,0.017,0.2204,0.0014,0.0015,0.0011,0.0002,0.0022,0.0006,0.0045,0.0046,0.0034,0.0011,0.0011,0.0004,0.0398,0.0009,0.0019,0.0075,0.0009,0.0125,0.0843,0.0015,0.0033,0.0005,0.0002,0.0022,0.0019,0.0005,0.0017,0.0397,0.0062,0.0102,0.024,0.1173,0.0015,0.0022,0.0016,0.0006,0.0008,0.1191
15,Saptari,3,Saptari 3,0.0018,0.0579,0.0159,0.0801,0.0036,0.0068,0.0039,0.0093,0.0332,0.0013,0.0009,0.0067,0.0003,0.0007,0.0144,0.197,0.0012,0.0039,0.001,0.0002,0.0028,0.0004,0.0011,0.0016,0.0375,0.0015,0.0021,0.0005,0.0183,0.0005,0.0014,0.0035,0.0007,0.0064,0.1428,0.0006,0.0025,0.0003,0.0006,0.001,0.0019,0.0005,0.0014,0.0216,0.0048,0.0202,0.0122,0.1303,0.0017,0.001,0.0012,0.0005,0.0006,0.1361
15,Saptari,4,Saptari 4,0.0007,0.0938,0.0088,0.0613,0.0041,0.0057,0.0073,0.0077,0.0367,0.0237,0.0006,0.0113,0.0001,0.0007,0.0029,0.2625,0.0006,0.0006,0.0008,0.0004,0.001,0.0005,0.0036,0.0028,0.0093,0.0005,0.0016,0.0002,0.1139,0.0023,0.0016,0.0099,0.0007,0.0041,0.1144,0.0005,0.0026,0.0003,0.0004,0.0006,0.0039,0.0011,0.0012,0.002,0.0073,0.0071,0.0064,0.1004,0.0093,0.0012,0.001,0.0002,0.0005,0.0574
15,Saptari,5,Saptari 5,0.0129,0.1418,0.0166,0.1256,0.0108,0.0182,0.0019,0.0199,0.0625,0.037,0.0008,0.0227,0.0004,0.0007,0.0037,0.1298,0.0021,0.0026,0.0009,0.0009,0.0021,0.0008,0.0147,0.0037,0.1121,0.0013,0.001,0.0004,0.0235,0.0005,0.0048,0.0053,0.0031,0.0068,0.0956,0.0069,0.0038,0.0008,0.0004,0.0009,0.0051,0.0008,0.0013,0.0014,0.0029,0.0188,0.0072,0.0128,0.006,0.0005,0.002,0.0006,0.002,0.0381
15,Saptari,6,Saptari 6,0.0023,0.0975,0.011,0.0519,0.0047,0.0026,0.0023,0.0104,0.0666,0.046,0.0005,0.009,0.0002,0.0006,0.003,0.3229,0.0009,0.0004,0.0012,0.0003,0.0016,0.0002,0.0019,0.0062,0.0464,0.001,0.0007,0.0005,0.0099,0.0006,0.0024,0.0034,0.0011,0.0051,0.0728,0.0029,0.0033,0.0007,0.0004,0.0011,0.003,0.0008,0.0016,0.0018,0.007,0.0668,0.0085,0.0321,0.0176,0.005,0.0015,0.0008,0.0006,0.0563
22,Sarlahi,1,Sarlahi 1,0.0496,0.2216,0.0242,0.2229,0.0021,0.0033,0.0028,0.0143,0.001,0.001,0.0003,0.0277,0.0003,0.001,0.0036,0.0182,0.0006,0.0004,0.0004,0.0003,0.001,0.0009,0.0013,0.001,0.0015,0.0132,0.0004,0.0003,0.002,0.0004,0.0006,0.0004,0.0004,0.003,0.1246,0.0004,0.0074,0.0002,0.0002,0.0015,0.0017,0.0012,0.0018,0.0097,0.0035,0.0071,0.035,0.0575,0.0032,0.0003,0.0021,0.0006,0.0019,0.1179
22,Sarlahi,2,Sarlahi 2,0.119,0.1443,0.0163,0.1162,0.0016,0.003,0.0022,0.0074,0.0531,0.0019,0.0002,0.0453,0.0002,0.0006,0.0057,0.0604,0.0005,0.0002,0.001,0.0005,0.0009,0.0007,0.0008,0.0014,0.0019,0.02,0.0004,0.0003,0.0025,0.0006,0.0016,0.0008,0.0005,0.0033,0.0752,0.0006,0.0048,0.0002,0.0003,0.0009,0.003,0.0003,0.0014,0.0213,0.029,0.0286,0.0064,0.1052,0.0014,0.0002,0.0033,0.0003,0.0025,0.1
22,Sarlahi,3,Sarlahi 3,0.0669,0.1615,0.0146,0.1457,0.0012,0.0158,0.0021,0.0089,0.0535,0.0003,0.0002,0.0379,0.0002,0.0012,0.004,0.0395,0.0006,0.0002,0.0004,0.0002,0.0008,0.0006,0.001,0.0011,0.002,0.0115,0.001,0.0002,0.002,0.0007,0.0022,0.0006,0.0005,0.0132,0.0871,0.0004,0.0036,0.0004,0.0004,0.0016,0.002,0.0003,0.0018,0.0055,0.0015,0.0095,0.0156,0.0856,0.0031,0.0003,0.0031,0.0005,0.0014,0.1839
22,Sarlahi,4,Sarlahi 4,0.0037,0.0946,0.0064,0.0399,0.0024,0.001,0.0051,0.0049,0.0128,0.0002,0.0004,0.0073,0.0006,0.0023,0.0121,0.1374,0.0008,0.002,0.001,0.0002,0.0011,0.0003,0.0011,0.0018,0.0028,0.0025,0.0003,0.0003,0.0025,0.0003,0.0013,0.0009,0.0004,0.0024,0.0903,0.0007,0.0039,0.0005,0.0006,0.0024,0.001,0.0006,0.0013,0.0073,0.0491,0.0072,0.0145,0.3017,0.0013,0.0011,0.0028,0.0002,0.0007,0.1593
22,Sarlahi,5,Sarlahi 5,0.0004,0.0313,0.0051,0.0424,0.0019,0.0009,0.0033,0.0031,0.0139,0.0008,0.0008,0.0035,0.0004,0.0009,0.0034,0.1794,0.0003,0.004,0.0011,0.0001,0.0006,0.0003,0.0016,0.0018,0.0018,0.0011,0.0004,0.0002,0.0026,0.0011,0.0011,0.0007,0.0003,0.0056,0.1112,0.0002,0.0023,0.0004,0.0001,0.0062,0.0007,0.0006,0.0007,0.0005,0.0143,0.0252,0.0201,0.2328,0.0006,0.0003,0.0016,0.0001,0.0002,0.2655
22,Sarlahi,6,Sarlahi 6,0.0007,0.0642,0.0017,0.0087,0.0008,0.0009,0.0011,0.0031,0.0018,0.0003,0.0005,0.0027,0.0004,0.0017,0.0033,0.2559,0.0003,0.0003,0.004,0.0004,0.001,0.0017,0.0017,0.0018,0.0009,0.0221,0.0005,0.0003,0.0147,0.0006,0.0004,0.0026,0.0001,0.0012,0.1599,0.0009,0.0844,0.0004,0.0005,0.0026,0.0004,0.0001,0.0031,0.009,0.0013,0.0073,0.0248,0.0376,0.0009,0.0004,0.0005,0.0003,0.0003,0.263
19,Sindhuli,1,Sindhuli 1,0.0012,0.3187,0.0286,0.308,0.0012,0.0045,0.0015,0.0222,0.0003,0.0013,0.0005,0.0109,0.0004,0.0001,0.0069,0.002,0.0004,0.0004,0.0001,0.0003,0.0005,0.0008,0.0005,0.0006,0.0004,0.0004,0.0005,0.0003,0.0009,0.0003,0.0003,0.0002,0.0002,0.0011,0.2444,0.0003,0.0072,0.0005,0.0007,0.0007,0.0021,0.0011,0.0016,0.0003,0.0067,0.0066,0.0011,0.0004,0.0035,0.0005,0.0006,0.0006,0.0031,0.0017
19,Sindhuli,2,Sindhuli 2,0.001,0.2423,0.0405,0.3754,0.0015,0.0045,0.009,0.0194,0.0002,0.0054,0.0004,0.0153,0.0002,0.0001,0.0006,0.0015,0.0008,0.0004,0.0002,0.0003,0.001,0.0011,0.0004,0.0005,0.0006,0.002,0.0059,0.0004,0.0008,0.0004,0.0003,0.0002,0.0004,0.0011,0.225,0.0004,0.0047,0.0003,0.0006,0.0004,0.0027,0.001,0.002,0.0002,0.008,0.0096,0.0016,0.0002,0.0042,0.0001,0.0005,0.0006,0.0017,0.0018
19,Sindhuli,3,Sindhuli 3,0.0014,0.1616,0.0415,0.413,0.0006,0.0148,0.001,0.026,0.0005,0.0021,0.0003,0.1007,0.0004,0.0001,0.0002,0.0016,0.0002,0.0003,0.0003,0.0003,0.0003,0.0004,0.0004,0.0007,0.0003,0.0029,0.0006,0.0004,0.0012,0.0005,0.0002,0.0003,0.0006,0.0014,0.1859,0.0004,0.0053,0.0005,0.0007,0.0004,0.0049,0.0007,0.0025,0.0001,0.0056,0.0046,0.0005,0.0004,0.0039,0.0002,0.0024,0.0009,0.0014,0.0012
30,Sindhupalchok,1,Sindhupalchok 1,0.0005,0.2398,0.0362,0.394,0.0013,0.0041,0.001,0.0219,0.0002,0.0029,0.0002,0.0104,0.0003,0.0001,0.0006,0.0007,0.0009,0.0005,0.0003,0.0002,0.001,0.001,0.0004,0.0002,0.0004,0.002,0.0006,0.0002,0.0008,0.0004,0.0004,0.0003,0.0006,0.0056,0.1322,0.0003,0.0041,0.0004,0.0004,0.0003,0.0044,0.0008,0.0016,0.0002,0.0169,0.0972,0.0008,0.0002,0.0032,0.0004,0.0012,0.0005,0.0045,0.0006
30,Sindhupalchok,2,Sindhupalchok 2,0.0003,0.1932,0.0326,0.5362,0.0013,0.0021,0.0016,0.0167,0.0007,0.0006,0.0004,0.0072,0.0001,0.0001,0.0004,0.0009,0.0001,0.0033,0.0031,0.0001,0.0006,0.0007,0.0004,0.0002,0.0002,0.0005,0.0006,0.0002,0.0006,0.0003,0.0002,0.0001,0.0004,0.0026,0.1046,0.0002,0.004,0.0001,0.0003,0.0004,0.0034,0.0009,0.0019,0.0002,0.0157,0.0505,0.0011,0.0001,0.0024,0.0002,0.0005,0.0004,0.0038,0.0006
30,Sindhupalchok,3,Sindhupalchok 3,0.0004,0.2933,0.0178,0.2875,0.0022,0.0039,0.0006,0.0125,0.0001,0.0007,0.0001,0.008,0.0001,0.0001,0.0005,0.001,0.0046,0.0006,0.0003,0.0002,0.0004,0.0006,0.0006,0.0002,0.0002,0.0004,0.0008,0.0004,0.0007,0.0002,0.0003,0.0001,0.0004,0.0012,0.1474,0.0002,0.0042,0.0004,0.0002,0.0005,0.003,0.0005,0.0013,0.0003,0.0026,0.1915,0.0008,0.0001,0.0021,0.0003,0.0004,0.0005,0.0019,0.0005
16,Siraha,1,Siraha 1,0.0142,0.1538,0.0181,0.0912,0.0037,0.0022,0.0092,0.0119,0.0496,0.0654,0.0006,0.0273,0.0003,0.0004,0.0032,0.21,0.0006,0.0004,0.0008,0.0004,0.0011,0.0003,0.0004,0.0019,0.0032,0.0005,0.0006,0.0003,0.0074,0.0005,0.0025,0.0022,0.0022,0.0024,0.1599,0.0005,0.0043,0.0005,0.0004,0.0004,0.0029,0.0004,0.0012,0.0011,0.0042,0.0577,0.0017,0.061,0.0024,0.0002,0.0032,0.0003,0.0009,0.008
16,Siraha,2,Siraha 2,0.0016,0.1692,0.0187,0.0888,0.0049,0.0025,0.0054,0.0147,0.0407,0.0094,0.0007,0.0054,0.0002,0.0009,0.003,0.3474,0.0015,0.0009,0.0011,0.0003,0.0009,0.0005,0.0009,0.0058,0.0009,0.0003,0.0008,0.0005,0.0143,0.0007,0.0026,0.0052,0.0014,0.0041,0.1455,0.0011,0.0118,0.0006,0.0005,0.0013,0.0024,0.0005,0.0014,0.0023,0.0169,0.0115,0.0064,0.0029,0.0021,0.0004,0.0007,0.0004,0.001,0.0342
16,Siraha,3,Siraha 3,0.0013,0.1679,0.0095,0.0629,0.003,0.0023,0.0242,0.0074,0.0043,0.0005,0.0006,0.0278,0.0005,0.0007,0.0011,0.3152,0.0012,0.001,0.003,0.0003,0.0011,0.0004,0.0012,0.0034,0.0008,0.0006,0.0003,0.0007,0.0194,0.0012,0.0006,0.0039,0.0008,0.0012,0.2034,0.0006,0.0034,0.0003,0.0004,0.0011,0.0009,0.0007,0.0008,0.0015,0.0071,0.0449,0.0071,0.0126,0.005,0.0004,0.001,0.0003,0.001,0.0372
16,Siraha,4,Siraha 4,0.0073,0.2051,0.0111,0.0748,0.0028,0.0124,0.0064,0.0063,0.0052,0.0362,0.0008,0.1116,0.0003,0.0004,0.0026,0.2376,0.0006,0.0018,0.0011,0.0003,0.0007,0.0004,0.0009,0.0043,0.001,0.0004,0.0005,0.0007,0.0098,0.0006,0.0008,0.0035,0.0023,0.0013,0.1323,0.0009,0.0052,0.0008,0.0003,0.0009,0.001,0.0005,0.0012,0.0032,0.0067,0.0151,0.0049,0.0344,0.0037,0.0004,0.0046,0.0003,0.0013,0.0302
16,Siraha,5,Siraha 5,0.004,0.1627,0.0252,0.2789,0.0022,0.0326,0.0014,0.019,0.0134,0.0013,0.0004,0.1165,0.0003,0.0005,0.0012,0.0759,0.0005,0.0003,0.0005,0.0007,0.0005,0.0005,0.0012,0.0016,0.0004,0.0005,0.0006,0.0004,0.0054,0.0003,0.001,0.0014,0.0004,0.0011,0.0767,0.0041,0.0044,0.0002,0.0003,0.002,0.0038,0.0007,0.0019,0.003,0.018,0.0306,0.0092,0.0082,0.0032,0.0003,0.0038,0.0005,0.0016,0.0744
16,Siraha,6,Siraha 6,0.0016,0.0912,0.0232,0.1723,0.0074,0.005,0.0045,0.0208,0.0292,0.0006,0.0008,0.0168,0.0003,0.0012,0.0014,0.31,0.0008,0.0005,0.0015,0.0003,0.0009,0.0006,0.0016,0.0054,0.0007,0.0007,0.0006,0.0005,0.015,0.0007,0.002,0.0055,0.0008,0.0021,0.1057,0.0044,0.0043,0.0006,0.0005,0.0016,0.0029,0.0007,0.0017,0.002,0.0218,0.0629,0.0091,0.0036,0.0034,0.0004,0.0013,0.0006,0.0006,0.0454
11,Solukhumbu,1,Solukhumbu 1,0.0019,0.2008,0.0422,0.3595,0.0026,0.0068,0.0008,0.0298,0.0005,0.0011,0.0005,0.0255,0.0003,0.0002,0.0012,0.0013,0.0075,0.0006,0.0004,0.0005,0.0007,0.0007,0.0009,0.0005,0.0005,0.0062,0.002,0.0004,0.0011,0.0014,0.0004,0.0004,0.0011,0.0015,0.2466,0.0007,0.0077,0.0007,0.0012,0.0011,0.002,0.0013,0.0028,0.0004,0.0057,0.0127,0.0014,0.0003,0.004,0.0004,0.0012,0.0013,0.0057,0.001
10,Sunsari,1,Sunsari 1,0.0005,0.239,0.0308,0.4041,0.0011,0.0063,0.0007,0.0197,0.0012,0.0092,0.0004,0.0056,0.0021,0.0001,0.0008,0.0029,0.0007,0.0007,0.0001,0.0001,0.0161,0.0011,0.0002,0.0004,0.0011,0.0047,0.0005,0.0003,0.0007,0.0002,0.0005,0.0002,0.0067,0.0006,0.1519,0.0001,0.0021,0.0003,0.0003,0.0004,0.0029,0.0209,0.0012,0.0001,0.0053,0.0352,0.0078,0.0044,0.0018,0.0001,0.0009,0.0004,0.0036,0.0009
10,Sunsari,2,Sunsari 2,0.0007,0.3248,0.0268,0.2402,0.0025,0.0026,0.0014,0.0119,0.0005,0.0026,0.0006,0.0094,0.0016,0.0003,0.0007,0.0294,0.0002,0.0003,0.0003,0.0003,0.0023,0.0005,0.0006,0.0008,0.0101,0.0031,0.0004,0.0003,0.0007,0.0001,0.0005,0.0003,0.0026,0.0009,0.1822,0.0001,0.0054,0.0001,0.0001,0.0003,0.0016,0.0047,0.001,0.0002,0.0121,0.0945,0.0069,0.0017,0.0024,0.0002,0.0007,0.0003,0.0046,0.0005
10,Sunsari,3,Sunsari 3,0.0013,0.1328,0.0191,0.1104,0.0034,0.0021,0.0022,0.0078,0.0015,0.0005,0.0012,0.0056,0.0004,0.0005,0.0011,0.3844,0.0011,0.0003,0.001,0.0002,0.0021,0.0004,0.0012,0.0066,0.0157,0.0016,0.0007,0.0005,0.0089,0.0011,0.0003,0.0032,0.0003,0.0005,0.1932,0.0013,0.0057,0.0005,0.0004,0.0005,0.0005,0.021,0.0009,0.0008,0.0165,0.022,0.0024,0.0076,0.0022,0.0002,0.0011,0.0003,0.0006,0.0024
10,Sunsari,4,Sunsari 4,0.0037,0.1665,0.0125,0.1006,0.0031,0.0022,0.0011,0.0069,0.0011,0.0008,0.0006,0.0047,0.0005,0.0006,0.0032,0.3955,0.0008,0.0003,0.0015,0.0003,0.0009,0.0004,0.005,0.0023,0.007,0.0004,0.0022,0.0003,0.0075,0.0011,0.0005,0.0022,0.0003,0.0007,0.1914,0.0007,0.0075,0.0003,0.0003,0.0004,0.0008,0.0007,0.0013,0.0027,0.0202,0.0184,0.005,0.0069,0.0016,0.0005,0.0007,0.0004,0.0014,0.0015
10,Sunsari,5,Sunsari 5,0.0007,0.1846,0.0044,0.0213,0.0021,0.0014,0.0008,0.0024,0.0012,0.0004,0.0006,0.0047,0.0003,0.0007,0.0028,0.4886,0.0013,0.0002,0.0019,0.0002,0.0007,0.0004,0.006,0.0024,0.0007,0.0002,0.0004,0.0004,0.006,0.0009,0.0002,0.0019,0.0003,0.0007,0.1995,0.0007,0.0068,0.0004,0.0003,0.0004,0.0004,0.0051,0.0011,0.001,0.0129,0.0175,0.0013,0.006,0.0011,0.0003,0.0005,0.0002,0.0018,0.0009
10,Sunsari,6,Sunsari 6,0.0009,0.3349,0.0224,0.2493,0.0021,0.0027,0.0211,0.0163,0.0004,0.0073,0.0003,0.0068,0.0006,0.0004,0.0015,0.0645,0.0003,0.0006,0.0006,0.0002,0.0007,0.0005,0.0007,0.0013,0.0009,0.0008,0.0007,0.0002,0.0026,0.0003,0.0003,0.0006,0.0005,0.0013,0.1905,0.0004,0.0068,0.0002,0.0003,0.0004,0.0016,0.0066,0.0016,0.0002,0.0079,0.0124,0.0106,0.0051,0.0027,0.0002,0.0004,0.0003,0.0067,0.0007
64,Surkhet,1,Surkhet 1,0.0002,0.3875,0.009,0.2728,0.0011,0.0013,0.0003,0.0084,0.0001,0.0002,0.0001,0.0056,0,0.0001,0.001,0.0004,0.0001,0.0001,0.0001,0.0001,0.0002,0.0001,0.0001,0.0003,0.0002,0.0029,0.0002,0.0001,0.0004,0.0001,0.0002,0.0002,0.0001,0.0008,0.2784,0.0004,0.0056,0.0004,0.0005,0.0001,0.0025,0.0012,0.001,0.0001,0.0023,0.0087,0.0008,0,0.0014,0.0002,0.0004,0.0004,0.0008,0.0003
64,Surkhet,2,Surkhet 2,0.0003,0.3046,0.0158,0.3233,0.0013,0.0013,0.0004,0.0105,0.0001,0.0003,0.0009,0.0066,0.0001,0.0001,0.0018,0.0006,0.0001,0.0004,0.0001,0.0002,0.0003,0.0004,0.0001,0.0002,0.0002,0.0038,0.0003,0.0001,0.0003,0.0001,0.0002,0.0001,0.0003,0.0045,0.2743,0.0001,0.0024,0.0002,0.0003,0.0002,0.0118,0.0038,0.0009,0.0001,0.0043,0.0106,0.003,0,0.0046,0.0002,0.0018,0.0002,0.0006,0.0005
64,Surkhet,3,Surkhet 3,0.0004,0.2514,0.0198,0.3906,0.0022,0.0019,0.0003,0.0191,0.0002,0.0005,0.0005,0.008,0.0001,0.0002,0.0026,0.0005,0.0001,0.0008,0.0001,0.0003,0.0004,0.0006,0.0002,0.0003,0.0001,0.0029,0.0007,0.0004,0.0006,0.0001,0.0003,0.0002,0.0003,0.0046,0.1916,0.0003,0.0034,0.0004,0.0005,0.0003,0.0131,0.0183,0.0016,0.0001,0.0063,0.0428,0.0009,0.0002,0.0052,0.0003,0.0018,0.0006,0.0008,0.0004
41,Syangja,1,Syangja 1,0.0002,0.3311,0.0186,0.2658,0.0008,0.0023,0.0009,0.0174,0.0004,0.0004,0.0002,0.0067,0,0.0001,0.0003,0.0002,0.0001,0.0003,0.0001,0.0001,0.0004,0.0005,0.0003,0.0002,0.0002,0.0007,0.0006,0.0002,0.0004,0.0001,0.0003,0.0001,0.0005,0.0005,0.3066,0.0001,0.0029,0.0002,0.0003,0.0003,0.0029,0.0029,0.0011,0.0001,0.0128,0.0085,0.004,0.0002,0.0036,0.0002,0.0005,0.0004,0.0012,0.0006
41,Syangja,2,Syangja 2,0.0004,0.249,0.0277,0.2559,0.0014,0.0027,0.0018,0.0222,0.0001,0.0005,0.0004,0.0117,0.0001,0.0001,0.0006,0.0003,0.0001,0.0003,0.0002,0.0002,0.0004,0.0005,0.0008,0.0004,0.0005,0.0004,0.0004,0.0005,0.0006,0.0002,0.0002,0.0002,0.0005,0.0006,0.3646,0.0003,0.0036,0.0003,0.0005,0.0008,0.0081,0.0086,0.0009,0.0001,0.009,0.0129,0.0011,0.0001,0.0041,0.0003,0.0007,0.0009,0.0007,0.0005
41,Syangja,3,Syangja 3,0.0005,0.3224,0.0176,0.2203,0.0008,0.0017,0.0073,0.0167,0.0002,0.0004,0.0003,0.0077,0.0001,0.0001,0.0003,0.0002,0,0.0002,0.0002,0.0002,0.0002,0.0002,0.0006,0.0002,0.0002,0.0008,0.0005,0.0003,0.0002,0.0002,0.0001,0.0002,0.0004,0.0005,0.3424,0.0002,0.0028,0.0002,0.0003,0.0002,0.0066,0.0282,0.0007,0.0001,0.0044,0.0064,0.0012,0.0001,0.0024,0.0002,0.0005,0.0004,0.0008,0.0003
40,Tanahu,1,Tanahu 1,0.0005,0.2223,0.0482,0.3407,0.0012,0.0026,0.0013,0.0348,0.0006,0.001,0.0003,0.0272,0.0002,0.0001,0.0007,0.0004,0.0003,0.0004,0.0002,0.0002,0.0006,0.0007,0.0006,0.0008,0.0006,0.0053,0.0004,0.0003,0.001,0.0003,0.0017,0.0002,0.0007,0.001,0.2436,0.0004,0.0048,0.0006,0.0006,0.0007,0.0023,0.0115,0.0018,0.0002,0.0075,0.0165,0.0015,0.0002,0.0044,0.0004,0.0016,0.0007,0.0024,0.0007
40,Tanahu,2,Tanahu 2,0.0007,0.1856,0.0282,0.2413,0.0013,0.0021,0.0005,0.0253,0.0005,0.0007,0.0006,0.0145,0.0001,0.0002,0.0009,0.0004,0.0002,0.0003,0.0002,0.0004,0.0005,0.0007,0.0006,0.0006,0.0004,0.0027,0.0018,0.0007,0.0006,0.0004,0.0005,0.0002,0.0005,0.0014,0.3951,0.0003,0.0027,0.0003,0.0004,0.0004,0.0027,0.0493,0.0012,0.0001,0.0104,0.0112,0.004,0.0002,0.0031,0.0003,0.0009,0.0005,0.001,0.0005
40,Tanahu,3,Tanahu 3,0.0003,0.3197,0.0218,0.2427,0.0012,0.0023,0.0007,0.021,0.0005,0.0005,0.0003,0.0104,0.0001,0.0001,0.0005,0.0005,0.0001,0.0003,0.0001,0.0002,0.0002,0.0004,0.0007,0.0001,0.0004,0.002,0.0009,0.0003,0.0007,0.0002,0.0003,0.0002,0.0004,0.0006,0.2914,0.0003,0.0039,0.0003,0.0002,0.0004,0.0013,0.047,0.0012,0.0001,0.0041,0.0109,0.0011,0.0001,0.0041,0.0001,0.0007,0.0008,0.001,0.0004
1,Taplejung,1,Taplejung 1,0.0005,0.2446,0.022,0.2606,0.0012,0.0022,0.0005,0.0124,0.0001,0.1103,0.0002,0.0092,0.0001,0.0002,0.0006,0.0025,0.0004,0.0003,0,0.0001,0.0003,0.0002,0.0003,0.0003,0.0012,0.0004,0.0004,0.0002,0.0003,0.0001,0.0001,0.0001,0.0002,0.0002,0.2726,0.0002,0.0038,0.0003,0.0005,0.0005,0.0009,0.0091,0.0007,0.0001,0.0075,0.0101,0.0163,0.0001,0.0019,0.0001,0.0005,0.0005,0.001,0.0011
1,Taplejung,2,Taplejung 2,0.0003,0.3099,0.0333,0.2669,0.0028,0.0037,0.0002,0.0226,0.0004,0.0694,0.0004,0.0149,0.0001,0,0.0004,0.0019,0.0001,0.0009,0.0002,0.0004,0.0005,0.0003,0.0006,0.0007,0.001,0.0003,0.0005,0.0003,0.0011,0.0003,0.0004,0.0002,0.0004,0.0006,0.1914,0.0007,0.0084,0.0002,0.0006,0.0012,0.001,0.0101,0.0013,0.0002,0.0036,0.0357,0.0018,0,0.0035,0.0002,0.0011,0.0008,0.002,0.0005
6,Tehrathum,1,Tehrathum 1,0.0005,0.2915,0.0254,0.1991,0.0007,0.0038,0.0003,0.0156,0.0001,0.0651,0.0003,0.0067,0.0001,0.0001,0.0003,0.0018,0.0003,0.0003,0,0.0001,0.0002,0.0002,0.0004,0.0002,0.0003,0.0036,0.0002,0.0001,0.0003,0.0001,0.0002,0.0001,0.0004,0.0003,0.3327,0.0001,0.003,0.0002,0.0001,0.0002,0.0013,0.0048,0.0005,0,0.0063,0.0233,0.0032,0.0002,0.0024,0.0002,0.0004,0.0004,0.001,0.0007
14,Udaypur,1,Udaypur 1,0.0019,0.2265,0.0286,0.3212,0.0007,0.0017,0.0141,0.0188,0.0002,0.0089,0.0005,0.0097,0.0004,0.0001,0.0003,0.0042,0.0002,0.0004,0.0029,0.0003,0.0004,0.0021,0.0003,0.0002,0.0329,0.0055,0.0002,0.0002,0.0006,0.0001,0.0002,0.0002,0.001,0.0005,0.2849,0.0002,0.0038,0.0001,0.0002,0.0002,0.0014,0.0009,0.0009,0,0.0085,0.0049,0.0008,0.0006,0.0023,0.0002,0.0005,0.0004,0.0019,0.0012
14,Udaypur,2,Udaypur 2,0.0054,0.2621,0.0379,0.3295,0.0009,0.0127,0.0033,0.0211,0.0012,0.0009,0.0004,0.0233,0.0001,0.0001,0.0009,0.0142,0.0001,0.0006,0.0003,0.0003,0.0006,0.0004,0.0003,0.0006,0.0028,0.0002,0.0003,0.0001,0.0008,0.0001,0.0001,0.0003,0.0003,0.0007,0.2146,0.0002,0.0038,0,0.0004,0.0004,0.0066,0.0006,0.0013,0.0001,0.029,0.0062,0.0021,0.0013,0.0033,0.0001,0.0011,0.0004,0.0014,0.0038
14,Udaypur,3,Udaypur 3,0.0007,0.2351,0.0465,0.3812,0.0011,0.0033,0.0012,0.0318,0.002,0.001,0.0004,0.0172,0.0002,0.0002,0.0012,0.0051,0.0006,0.0005,0.0002,0.0005,0.0004,0.0005,0.0005,0.0004,0.0006,0.0004,0.0004,0.0002,0.0008,0.0003,0.0013,0,0.0007,0.0013,0.2287,0.0002,0.0064,0.0003,0.0004,0.0007,0.0018,0.0007,0.002,0.0002,0.0046,0.0071,0.0005,0.0002,0.0045,0.0002,0.0006,0.0004,0.0014,0.0012
